site_name,site_id,ccamlr region,longitude_EPSG4326,latitude_EPSG4326,common_name,day,month,year,season_starting,count,accuracy,count_type,vantage,reference,notes
Amanda Bay,AMAN,58.4.2,76.83,-69.27,emperor penguin,Unknown,Unknown,1961,1961,1500,3,adults,None,"<strong>Wilson, G., </strong><i> 1983</i>. Distribution and abundance of Antarctic and sub- Antarctic penguins: A synthesis of current knowledge, volume 4 of BIOMASS Scientific Series. Scientific Committee on Antarctic Research (SCAR), Cambridge, United Kingdom.",None
Amanda Bay,AMAN,58.4.2,76.83,-69.27,emperor penguin,Unknown,Unknown,1983,1983,2339,2,chicks,None,"<strong>Woehler, E. J., </strong><i> 1993</i>. The distribution and abundance of Antarctic and Subantarctic penguins. Scientific Committee on Antarctic Research (SCAR), Cambridge, United Kingdom.",None
Amanda Bay,AMAN,58.4.2,76.83,-69.27,emperor penguin,Unknown,Unknown,1987,1987,9000,3,chicks,None,"<strong>Woehler, E. J., </strong><i> 1993</i>. The distribution and abundance of Antarctic and Subantarctic penguins. Scientific Committee on Antarctic Research (SCAR), Cambridge, United Kingdom.",None
Amanda Bay,AMAN,58.4.2,76.83,-69.27,emperor penguin,13,10,2009,2009,6831,2,adults,vhr,"<strong>Fretwell, P. T., M. A. LaRue, P. Morin, G. L. Kooyman, B. Wienecke, N. Ratcliffe, A. J. Fox, A. H. Fleming, C. Porter, and P. N. Trathan, </strong><i> 2012</i>. An emperor penguin population estimate: The first global, synoptic survey of a species from space. PLoS ONE 7:e33751.",See original source for more details on methodology and survey precision.
Amundsen Bay,AMUN,58.4.2,50.55,-66.78,emperor penguin,20,10,2009,2009,88,2,adults,vhr,"<strong>Fretwell, P. T., M. A. LaRue, P. Morin, G. L. Kooyman, B. Wienecke, N. Ratcliffe, A. J. Fox, A. H. Fleming, C. Porter, and P. N. Trathan, </strong><i> 2012</i>. An emperor penguin population estimate: The first global, synoptic survey of a species from space. PLoS ONE 7:e33751.",See original source for more details on methodology and survey precision.
Astrid,ASTD,48.6,8.31,-69.95,emperor penguin,11,11,2009,2009,1368,2,adults,vhr,"<strong>Fretwell, P. T., M. A. LaRue, P. Morin, G. L. Kooyman, B. Wienecke, N. Ratcliffe, A. J. Fox, A. H. Fleming, C. Porter, and P. N. Trathan, </strong><i> 2012</i>. An emperor penguin population estimate: The first global, synoptic survey of a species from space. PLoS ONE 7:e33751.",See original source for more details on methodology and survey precision.
Atka,ATKA,48.6,-8.13,-70.61,emperor penguin,Unknown,Unknown,1986,1986,8000,5,chicks,None,"<strong>Woehler, E. J., </strong><i> 1993</i>. The distribution and abundance of Antarctic and Subantarctic penguins. Scientific Committee on Antarctic Research (SCAR), Cambridge, United Kingdom.",None
Atka,ATKA,48.6,-8.13,-70.61,emperor penguin,8,9,2009,2009,9657,2,adults,vhr,"<strong>Fretwell, P. T., M. A. LaRue, P. Morin, G. L. Kooyman, B. Wienecke, N. Ratcliffe, A. J. Fox, A. H. Fleming, C. Porter, and P. N. Trathan, </strong><i> 2012</i>. An emperor penguin population estimate: The first global, synoptic survey of a species from space. PLoS ONE 7:e33751.",See original source for more details on methodology and survey precision.
Auster Islands,AUST,58.4.2,63.98,-67.39,emperor penguin,Unknown,Unknown,1978,1978,11000,3,adults,None,"<strong>Wilson, G., </strong><i> 1983</i>. Distribution and abundance of Antarctic and sub- Antarctic penguins: A synthesis of current knowledge, volume 4 of BIOMASS Scientific Series. Scientific Committee on Antarctic Research (SCAR), Cambridge, United Kingdom.",None
Auster Islands,AUST,58.4.2,63.98,-67.39,emperor penguin,Unknown,Unknown,1988,1988,11000,4,adults,None,"<strong>Woehler, E. J., </strong><i> 1993</i>. The distribution and abundance of Antarctic and Subantarctic penguins. Scientific Committee on Antarctic Research (SCAR), Cambridge, United Kingdom.",None
Auster Islands,AUST,58.4.2,63.98,-67.39,adelie penguin,28,12,2006,2006,2082,5,nests,vhr,"<strong>Lynch, H. J. and M. A. LaRue, </strong><i> 2014</i>. First global census of the Ad&#233;lie Penguin. The Auk 131:457-466.",None
Auster Islands,AUST,58.4.2,63.98,-67.39,emperor penguin,25,10,2009,2009,7855,2,adults,vhr,"<strong>Fretwell, P. T., M. A. LaRue, P. Morin, G. L. Kooyman, B. Wienecke, N. Ratcliffe, A. J. Fox, A. H. Fleming, C. Porter, and P. N. Trathan, </strong><i> 2012</i>. An emperor penguin population estimate: The first global, synoptic survey of a species from space. PLoS ONE 7:e33751.",See original source for more details on methodology and survey precision.
Bear Peninsula,BEAR,88.2,-110.1917,-74.3922,emperor penguin,18,11,2009,2009,9457,2,adults,vhr,"<strong>Fretwell, P. T., M. A. LaRue, P. Morin, G. L. Kooyman, B. Wienecke, N. Ratcliffe, A. J. Fox, A. H. Fleming, C. Porter, and P. N. Trathan, </strong><i> 2012</i>. An emperor penguin population estimate: The first global, synoptic survey of a species from space. PLoS ONE 7:e33751.",See original source for more details on methodology and survey precision.
Beaufort Island,BEAU,88.1,166.8978,-76.9694,emperor penguin,Unknown,Unknown,1976,1976,1787,1,chicks,None,"<strong>Wilson, G., </strong><i> 1983</i>. Distribution and abundance of Antarctic and sub- Antarctic penguins: A synthesis of current knowledge, volume 4 of BIOMASS Scientific Series. Scientific Committee on Antarctic Research (SCAR), Cambridge, United Kingdom.",None
Beaufort Island,BEAU,88.1,166.8978,-76.9694,adelie penguin,Unknown,Unknown,1981,1981,34600,1,adults,None,"<strong>Wilson, G., </strong><i> 1983</i>. Distribution and abundance of Antarctic and sub- Antarctic penguins: A synthesis of current knowledge, volume 4 of BIOMASS Scientific Series. Scientific Committee on Antarctic Research (SCAR), Cambridge, United Kingdom.",None
Beaufort Island,BEAU,88.1,166.8978,-76.9694,adelie penguin,Unknown,12,1983,1983,40625,2,nests,aerial,"<strong>Lyver, P. O., </strong><i> ???? </i> Ad&#233;lie census data. dataset.",Assume aerial photo from early December.
Beaufort Island,BEAU,88.1,166.8978,-76.9694,emperor penguin,Unknown,Unknown,1983,1983,179,1,chicks,None,"<strong>Woehler, E. J., </strong><i> 1993</i>. The distribution and abundance of Antarctic and Subantarctic penguins. Scientific Committee on Antarctic Research (SCAR), Cambridge, United Kingdom.",None
Beaufort Island,BEAU,88.1,166.8978,-76.9694,adelie penguin,Unknown,12,1984,1984,36741,2,nests,aerial,"<strong>Lyver, P. O., </strong><i> ???? </i> Ad&#233;lie census data. dataset.",Assume aerial photo from early December.
Beaufort Island,BEAU,88.1,166.8978,-76.9694,adelie penguin,Unknown,12,1985,1985,39985,2,nests,aerial,"<strong>Lyver, P. O., </strong><i> ???? </i> Ad&#233;lie census data. dataset.",Assume aerial photo from early December.
Beaufort Island,BEAU,88.1,166.8978,-76.9694,adelie penguin,Unknown,12,1986,1986,53079,2,nests,aerial,"<strong>Lyver, P. O., </strong><i> ???? </i> Ad&#233;lie census data. dataset.",Assume aerial photo from early December.
Beaufort Island,BEAU,88.1,166.8978,-76.9694,adelie penguin,Unknown,12,1987,1987,46001,2,nests,aerial photo,"<strong>Taylor, R. H., P. R. Wilson, and B. W. Thomas, </strong><i> 1990</i>. Status and trends of Ad&#233;lie penguin populations in the Ross Sea region. Polar Record 26:293- 304.",None
Beaufort Island,BEAU,88.1,166.8978,-76.9694,adelie penguin,Unknown,12,1988,1988,43336,2,nests,aerial,"<strong>Lyver, P. O., </strong><i> ???? </i> Ad&#233;lie census data. dataset.",Assume aerial photo from early December.
Beaufort Island,BEAU,88.1,166.8978,-76.9694,adelie penguin,Unknown,12,1989,1989,42561,2,nests,aerial,"<strong>Lyver, P. O., </strong><i> ???? </i> Ad&#233;lie census data. dataset.",Assume aerial photo from early December.
Beaufort Island,BEAU,88.1,166.8978,-76.9694,adelie penguin,Unknown,12,1990,1990,27953,2,nests,aerial,"<strong>Lyver, P. O., </strong><i> ???? </i> Ad&#233;lie census data. dataset.",Assume aerial photo from early December.
Beaufort Island,BEAU,88.1,166.8978,-76.9694,adelie penguin,Unknown,12,1991,1991,37668,2,nests,aerial,"<strong>Lyver, P. O., </strong><i> ???? </i> Ad&#233;lie census data. dataset.",Assume aerial photo from early December.
Beaufort Island,BEAU,88.1,166.8978,-76.9694,adelie penguin,Unknown,12,1992,1992,36155,2,nests,aerial,"<strong>Lyver, P. O., </strong><i> ???? </i> Ad&#233;lie census data. dataset.",Assume aerial photo from early December.
Beaufort Island,BEAU,88.1,166.8978,-76.9694,adelie penguin,Unknown,12,1996,1996,21147,2,nests,aerial,"<strong>Lyver, P. O., </strong><i> ???? </i> Ad&#233;lie census data. dataset.",Assume aerial photo from early December.
Beaufort Island,BEAU,88.1,166.8978,-76.9694,adelie penguin,Unknown,12,1998,1998,21285,2,nests,aerial,"<strong>Lyver, P. O., </strong><i> ???? </i> Ad&#233;lie census data. dataset.",Assume aerial photo from early December.
Beaufort Island,BEAU,88.1,166.8978,-76.9694,emperor penguin,Unknown,Unknown,2000,2000,2038,1,chicks,aerial,"<strong>Kooyman, G.L. and P.J. Ponganis, </strong><i> 2016</i>. Rise and fall of Ross Sea emperor penguin colony populations: 2000 to 2012. Antarctic Science 29:201-208.",See original source for more details on methodology and survey precision.
Beaufort Island,BEAU,88.1,166.8978,-76.9694,emperor penguin,Unknown,Unknown,2000,2000,839,1,adults,aerial,"<strong>Kooyman, G.L. and P.J. Ponganis, </strong><i> 2016</i>. Rise and fall of Ross Sea emperor penguin colony populations: 2000 to 2012. Antarctic Science 29:201-208.",See original source for more details on methodology and survey precision.
Beaufort Island,BEAU,88.1,166.8978,-76.9694,emperor penguin,Unknown,Unknown,2001,2001,1075,1,chicks,aerial,"<strong>Kooyman, G.L. and P.J. Ponganis, </strong><i> 2016</i>. Rise and fall of Ross Sea emperor penguin colony populations: 2000 to 2012. Antarctic Science 29:201-208.",See original source for more details on methodology and survey precision.
Beaufort Island,BEAU,88.1,166.8978,-76.9694,emperor penguin,Unknown,Unknown,2001,2001,1630,1,adults,aerial,"<strong>Kooyman, G.L. and P.J. Ponganis, </strong><i> 2016</i>. Rise and fall of Ross Sea emperor penguin colony populations: 2000 to 2012. Antarctic Science 29:201-208.",See original source for more details on methodology and survey precision.
Beaufort Island,BEAU,88.1,166.8978,-76.9694,emperor penguin,Unknown,Unknown,2002,2002,1430,1,chicks,aerial,"<strong>Kooyman, G.L. and P.J. Ponganis, </strong><i> 2016</i>. Rise and fall of Ross Sea emperor penguin colony populations: 2000 to 2012. Antarctic Science 29:201-208.",See original source for more details on methodology and survey precision.
Beaufort Island,BEAU,88.1,166.8978,-76.9694,emperor penguin,Unknown,Unknown,2002,2002,1805,1,adults,aerial,"<strong>Kooyman, G.L. and P.J. Ponganis, </strong><i> 2016</i>. Rise and fall of Ross Sea emperor penguin colony populations: 2000 to 2012. Antarctic Science 29:201-208.",See original source for more details on methodology and survey precision.
Beaufort Island,BEAU,88.1,166.8978,-76.9694,emperor penguin,Unknown,Unknown,2003,2003,364,1,chicks,aerial,"<strong>Kooyman, G.L. and P.J. Ponganis, </strong><i> 2016</i>. Rise and fall of Ross Sea emperor penguin colony populations: 2000 to 2012. Antarctic Science 29:201-208.",See original source for more details on methodology and survey precision.
Beaufort Island,BEAU,88.1,166.8978,-76.9694,emperor penguin,Unknown,Unknown,2003,2003,883,1,adults,aerial,"<strong>Kooyman, G.L. and P.J. Ponganis, </strong><i> 2016</i>. Rise and fall of Ross Sea emperor penguin colony populations: 2000 to 2012. Antarctic Science 29:201-208.",See original source for more details on methodology and survey precision.
Beaufort Island,BEAU,88.1,166.8978,-76.9694,adelie penguin,Unknown,12,2004,2004,47725,2,nests,aerial,"<strong>Lyver, P. O., </strong><i> ???? </i> Ad&#233;lie census data. dataset.",Assume aerial photo from early December.
Beaufort Island,BEAU,88.1,166.8978,-76.9694,emperor penguin,Unknown,Unknown,2004,2004,131,1,chicks,aerial,"<strong>Kooyman, G.L. and P.J. Ponganis, </strong><i> 2016</i>. Rise and fall of Ross Sea emperor penguin colony populations: 2000 to 2012. Antarctic Science 29:201-208.",See original source for more details on methodology and survey precision.
Beaufort Island,BEAU,88.1,166.8978,-76.9694,emperor penguin,Unknown,Unknown,2004,2004,882,1,adults,aerial,"<strong>Kooyman, G.L. and P.J. Ponganis, </strong><i> 2016</i>. Rise and fall of Ross Sea emperor penguin colony populations: 2000 to 2012. Antarctic Science 29:201-208.",See original source for more details on methodology and survey precision.
Beaufort Island,BEAU,88.1,166.8978,-76.9694,adelie penguin,Unknown,12,2005,2005,52335,2,nests,aerial,"<strong>Lyver, P. O., </strong><i> ???? </i> Ad&#233;lie census data. dataset.",Assume aerial photo from early December.
Beaufort Island,BEAU,88.1,166.8978,-76.9694,emperor penguin,Unknown,Unknown,2005,2005,628,1,chicks,aerial,"<strong>Kooyman, G.L. and P.J. Ponganis, </strong><i> 2016</i>. Rise and fall of Ross Sea emperor penguin colony populations: 2000 to 2012. Antarctic Science 29:201-208.",See original source for more details on methodology and survey precision.
Beaufort Island,BEAU,88.1,166.8978,-76.9694,emperor penguin,Unknown,Unknown,2005,2005,1222,1,adults,aerial,"<strong>Kooyman, G.L. and P.J. Ponganis, </strong><i> 2016</i>. Rise and fall of Ross Sea emperor penguin colony populations: 2000 to 2012. Antarctic Science 29:201-208.",See original source for more details on methodology and survey precision.
Beaufort Island,BEAU,88.1,166.8978,-76.9694,adelie penguin,Unknown,12,2006,2006,48039,2,nests,aerial,"<strong>Lyver, P. O., </strong><i> ???? </i> Ad&#233;lie census data. dataset.",Assume aerial photo from early December.
Beaufort Island,BEAU,88.1,166.8978,-76.9694,emperor penguin,Unknown,Unknown,2006,2006,1155,1,chicks,aerial,"<strong>Kooyman, G.L. and P.J. Ponganis, </strong><i> 2016</i>. Rise and fall of Ross Sea emperor penguin colony populations: 2000 to 2012. Antarctic Science 29:201-208.",See original source for more details on methodology and survey precision.
Beaufort Island,BEAU,88.1,166.8978,-76.9694,emperor penguin,Unknown,Unknown,2006,2006,1312,1,adults,aerial,"<strong>Kooyman, G.L. and P.J. Ponganis, </strong><i> 2016</i>. Rise and fall of Ross Sea emperor penguin colony populations: 2000 to 2012. Antarctic Science 29:201-208.",See original source for more details on methodology and survey precision.
Beaufort Island,BEAU,88.1,166.8978,-76.9694,emperor penguin,Unknown,Unknown,2007,2007,1442,1,chicks,aerial,"<strong>Kooyman, G.L. and P.J. Ponganis, </strong><i> 2016</i>. Rise and fall of Ross Sea emperor penguin colony populations: 2000 to 2012. Antarctic Science 29:201-208.",See original source for more details on methodology and survey precision.
Beaufort Island,BEAU,88.1,166.8978,-76.9694,emperor penguin,Unknown,Unknown,2007,2007,912,1,adults,aerial,"<strong>Kooyman, G.L. and P.J. Ponganis, </strong><i> 2016</i>. Rise and fall of Ross Sea emperor penguin colony populations: 2000 to 2012. Antarctic Science 29:201-208.",See original source for more details on methodology and survey precision.
Beaufort Island,BEAU,88.1,166.8978,-76.9694,adelie penguin,Unknown,12,2008,2008,45561,2,nests,aerial,"<strong>Lyver, P. O., </strong><i> ???? </i> Ad&#233;lie census data. dataset.",Assume aerial photo from early December.
Beaufort Island,BEAU,88.1,166.8978,-76.9694,emperor penguin,Unknown,Unknown,2008,2008,1683,1,chicks,aerial,"<strong>Kooyman, G.L. and P.J. Ponganis, </strong><i> 2016</i>. Rise and fall of Ross Sea emperor penguin colony populations: 2000 to 2012. Antarctic Science 29:201-208.",See original source for more details on methodology and survey precision.
Beaufort Island,BEAU,88.1,166.8978,-76.9694,emperor penguin,Unknown,Unknown,2008,2008,1109,1,adults,aerial,"<strong>Kooyman, G.L. and P.J. Ponganis, </strong><i> 2016</i>. Rise and fall of Ross Sea emperor penguin colony populations: 2000 to 2012. Antarctic Science 29:201-208.",See original source for more details on methodology and survey precision.
Beaufort Island,BEAU,88.1,166.8978,-76.9694,emperor penguin,12,10,2009,2009,1641,2,adults,vhr,"<strong>Fretwell, P. T., M. A. LaRue, P. Morin, G. L. Kooyman, B. Wienecke, N. Ratcliffe, A. J. Fox, A. H. Fleming, C. Porter, and P. N. Trathan, </strong><i> 2012</i>. An emperor penguin population estimate: The first global, synoptic survey of a species from space. PLoS ONE 7:e33751.",See original source for more details on methodology and survey precision.
Beaufort Island,BEAU,88.1,166.8978,-76.9694,adelie penguin,12,12,2010,2010,61106,5,nests,vhr,"<strong>Lynch, H. J. and M. A. LaRue, </strong><i> 2014</i>. First global census of the Ad&#233;lie Penguin. The Auk 131:457-466.",None
Beaufort Island,BEAU,88.1,166.8978,-76.9694,adelie penguin,Unknown,12,2010,2010,63760,2,nests,aerial,"<strong>Lyver, P. O., </strong><i> ???? </i> Ad&#233;lie census data. dataset.",Assume aerial photo from early December.
Beaufort Island,BEAU,88.1,166.8978,-76.9694,emperor penguin,Unknown,Unknown,2010,2010,1079,1,chicks,aerial,"<strong>Kooyman, G.L. and P.J. Ponganis, </strong><i> 2016</i>. Rise and fall of Ross Sea emperor penguin colony populations: 2000 to 2012. Antarctic Science 29:201-208.",See original source for more details on methodology and survey precision.
Beaufort Island,BEAU,88.1,166.8978,-76.9694,emperor penguin,Unknown,Unknown,2010,2010,2123,1,adults,aerial,"<strong>Kooyman, G.L. and P.J. Ponganis, </strong><i> 2016</i>. Rise and fall of Ross Sea emperor penguin colony populations: 2000 to 2012. Antarctic Science 29:201-208.",See original source for more details on methodology and survey precision.
Beaufort Island,BEAU,88.1,166.8978,-76.9694,emperor penguin,Unknown,Unknown,2011,2011,0,1,chicks,aerial,"<strong>Kooyman, G.L. and P.J. Ponganis, </strong><i> 2016</i>. Rise and fall of Ross Sea emperor penguin colony populations: 2000 to 2012. Antarctic Science 29:201-208.",See original source for more details on methodology and survey precision.
Beaufort Island,BEAU,88.1,166.8978,-76.9694,emperor penguin,Unknown,Unknown,2011,2011,667,1,adults,aerial,"<strong>Kooyman, G.L. and P.J. Ponganis, </strong><i> 2016</i>. Rise and fall of Ross Sea emperor penguin colony populations: 2000 to 2012. Antarctic Science 29:201-208.",See original source for more details on methodology and survey precision.
Beaufort Island,BEAU,88.1,166.8978,-76.9694,emperor penguin,Unknown,Unknown,2012,2012,705,1,chicks,aerial,"<strong>Kooyman, G.L. and P.J. Ponganis, </strong><i> 2016</i>. Rise and fall of Ross Sea emperor penguin colony populations: 2000 to 2012. Antarctic Science 29:201-208.",See original source for more details on methodology and survey precision.
Beaufort Island,BEAU,88.1,166.8978,-76.9694,emperor penguin,Unknown,Unknown,2012,2012,812,1,adults,aerial,"<strong>Kooyman, G.L. and P.J. Ponganis, </strong><i> 2016</i>. Rise and fall of Ross Sea emperor penguin colony populations: 2000 to 2012. Antarctic Science 29:201-208.",See original source for more details on methodology and survey precision.
Beaufort Island,BEAU,88.1,166.8978,-76.9694,adelie penguin,Unknown,12,2013,2013,70468,2,nests,aerial,"<strong>Lyver, P. O., </strong><i> ???? </i> Ad&#233;lie census data. dataset.",Assume aerial photo from early December.
Bowman Island,BOWM,58.4.1,103.07,-65.16,emperor penguin,Unknown,Unknown,1960,1960,1500,5,adults,None,"<strong>Wilson, G., </strong><i> 1983</i>. Distribution and abundance of Antarctic and sub- Antarctic penguins: A synthesis of current knowledge, volume 4 of BIOMASS Scientific Series. Scientific Committee on Antarctic Research (SCAR), Cambridge, United Kingdom.",None
Bowman Island,BOWM,58.4.1,103.07,-65.16,emperor penguin,26,10,2009,2009,1609,2,adults,vhr,"<strong>Fretwell, P. T., M. A. LaRue, P. Morin, G. L. Kooyman, B. Wienecke, N. Ratcliffe, A. J. Fox, A. H. Fleming, C. Porter, and P. N. Trathan, </strong><i> 2012</i>. An emperor penguin population estimate: The first global, synoptic survey of a species from space. PLoS ONE 7:e33751.",See original source for more details on methodology and survey precision.
Brownson Islands,BSON,88.3,-103.636074,-74.168119,emperor penguin,18,11,2009,2009,5732,2,adults,vhr,"<strong>Fretwell, P. T., M. A. LaRue, P. Morin, G. L. Kooyman, B. Wienecke, N. Ratcliffe, A. J. Fox, A. H. Fleming, C. Porter, and P. N. Trathan, </strong><i> 2012</i>. An emperor penguin population estimate: The first global, synoptic survey of a species from space. PLoS ONE 7:e33751.",See original source for more details on methodology and survey precision.
Brownson Islands,BSON,88.3,-103.636074,-74.168119,adelie penguin,19,12,2011,2011,15962,5,nests,vhr,"<strong>Lynch, H. J. and M. A. LaRue, </strong><i> 2014</i>. First global census of the Ad&#233;lie Penguin. The Auk 131:457-466.",None
"Cape Colbeck, Edward VII Peninsula",CBEK,88.2,-157.7,-77.14,emperor penguin,Unknown,Unknown,2008,2008,13820,1,adults,aerial,"<strong>Kooyman, G.L. and P.J. Ponganis, </strong><i> 2016</i>. Rise and fall of Ross Sea emperor penguin colony populations: 2000 to 2012. Antarctic Science 29:201-208.",See original source for more details on methodology and survey precision.
"Cape Colbeck, Edward VII Peninsula",CBEK,88.2,-157.7,-77.14,emperor penguin,13,10,2009,2009,11438,2,adults,vhr,"<strong>Fretwell, P. T., M. A. LaRue, P. Morin, G. L. Kooyman, B. Wienecke, N. Ratcliffe, A. J. Fox, A. H. Fleming, C. Porter, and P. N. Trathan, </strong><i> 2012</i>. An emperor penguin population estimate: The first global, synoptic survey of a species from space. PLoS ONE 7:e33751.",See original source for more details on methodology and survey precision.
"Cape Colbeck, Edward VII Peninsula",CBEK,88.2,-157.7,-77.14,emperor penguin,Unknown,Unknown,2011,2011,10493,1,chicks,aerial,"<strong>Kooyman, G.L. and P.J. Ponganis, </strong><i> 2016</i>. Rise and fall of Ross Sea emperor penguin colony populations: 2000 to 2012. Antarctic Science 29:201-208.",See original source for more details on methodology and survey precision.
"Cape Colbeck, Edward VII Peninsula",CBEK,88.2,-157.7,-77.14,emperor penguin,Unknown,Unknown,2011,2011,26266,1,adults,aerial,"<strong>Kooyman, G.L. and P.J. Ponganis, </strong><i> 2016</i>. Rise and fall of Ross Sea emperor penguin colony populations: 2000 to 2012. Antarctic Science 29:201-208.",See original source for more details on methodology and survey precision.
"Cape Colbeck, Edward VII Peninsula",CBEK,88.2,-157.7,-77.14,emperor penguin,Unknown,Unknown,2012,2012,17125,1,chicks,aerial,"<strong>Kooyman, G.L. and P.J. Ponganis, </strong><i> 2016</i>. Rise and fall of Ross Sea emperor penguin colony populations: 2000 to 2012. Antarctic Science 29:201-208.",See original source for more details on methodology and survey precision.
"Cape Colbeck, Edward VII Peninsula",CBEK,88.2,-157.7,-77.14,emperor penguin,Unknown,Unknown,2012,2012,21385,1,adults,aerial,"<strong>Kooyman, G.L. and P.J. Ponganis, </strong><i> 2016</i>. Rise and fall of Ross Sea emperor penguin colony populations: 2000 to 2012. Antarctic Science 29:201-208.",See original source for more details on methodology and survey precision.
Coulman Island,COUL,88.1,169.61,-73.35,emperor penguin,Unknown,Unknown,1964,1964,2100,2,chicks,None,"<strong>Wilson, G., </strong><i> 1983</i>. Distribution and abundance of Antarctic and sub- Antarctic penguins: A synthesis of current knowledge, volume 4 of BIOMASS Scientific Series. Scientific Committee on Antarctic Research (SCAR), Cambridge, United Kingdom.",None
Coulman Island,COUL,88.1,169.61,-73.35,emperor penguin,Unknown,Unknown,1983,1983,22137,2,chicks,None,"<strong>Woehler, E. J., </strong><i> 1993</i>. The distribution and abundance of Antarctic and Subantarctic penguins. Scientific Committee on Antarctic Research (SCAR), Cambridge, United Kingdom.",None
Coulman Island,COUL,88.1,169.61,-73.35,emperor penguin,Unknown,Unknown,2005,2005,24207,1,chicks,aerial,"<strong>Kooyman, G.L. and P.J. Ponganis, </strong><i> 2016</i>. Rise and fall of Ross Sea emperor penguin colony populations: 2000 to 2012. Antarctic Science 29:201-208.",See original source for more details on methodology and survey precision.
Coulman Island,COUL,88.1,169.61,-73.35,emperor penguin,Unknown,Unknown,2005,2005,25406,1,adults,aerial,"<strong>Kooyman, G.L. and P.J. Ponganis, </strong><i> 2016</i>. Rise and fall of Ross Sea emperor penguin colony populations: 2000 to 2012. Antarctic Science 29:201-208.",See original source for more details on methodology and survey precision.
Coulman Island,COUL,88.1,169.61,-73.35,emperor penguin,Unknown,Unknown,2006,2006,16757,2,chicks,aerial,"<strong>Kooyman, G.L. and P.J. Ponganis, </strong><i> 2016</i>. Rise and fall of Ross Sea emperor penguin colony populations: 2000 to 2012. Antarctic Science 29:201-208.",See original source for more details on methodology and survey precision.
Coulman Island,COUL,88.1,169.61,-73.35,emperor penguin,Unknown,Unknown,2006,2006,31432,1,adults,aerial,"<strong>Kooyman, G.L. and P.J. Ponganis, </strong><i> 2016</i>. Rise and fall of Ross Sea emperor penguin colony populations: 2000 to 2012. Antarctic Science 29:201-208.",See original source for more details on methodology and survey precision.
Coulman Island,COUL,88.1,169.61,-73.35,emperor penguin,Unknown,Unknown,2007,2007,16566,2,chicks,aerial,"<strong>Kooyman, G.L. and P.J. Ponganis, </strong><i> 2016</i>. Rise and fall of Ross Sea emperor penguin colony populations: 2000 to 2012. Antarctic Science 29:201-208.",See original source for more details on methodology and survey precision.
Coulman Island,COUL,88.1,169.61,-73.35,emperor penguin,Unknown,Unknown,2007,2007,20202,1,adults,aerial,"<strong>Kooyman, G.L. and P.J. Ponganis, </strong><i> 2016</i>. Rise and fall of Ross Sea emperor penguin colony populations: 2000 to 2012. Antarctic Science 29:201-208.",See original source for more details on methodology and survey precision.
Coulman Island,COUL,88.1,169.61,-73.35,emperor penguin,Unknown,Unknown,2008,2008,22511,2,chicks,aerial,"<strong>Kooyman, G.L. and P.J. Ponganis, </strong><i> 2016</i>. Rise and fall of Ross Sea emperor penguin colony populations: 2000 to 2012. Antarctic Science 29:201-208.",See original source for more details on methodology and survey precision.
Coulman Island,COUL,88.1,169.61,-73.35,emperor penguin,Unknown,Unknown,2008,2008,25966,1,adults,aerial,"<strong>Kooyman, G.L. and P.J. Ponganis, </strong><i> 2016</i>. Rise and fall of Ross Sea emperor penguin colony populations: 2000 to 2012. Antarctic Science 29:201-208.",See original source for more details on methodology and survey precision.
Coulman Island,COUL,88.1,169.61,-73.35,emperor penguin,16,10,2009,2009,25298,2,adults,vhr,"<strong>Fretwell, P. T., M. A. LaRue, P. Morin, G. L. Kooyman, B. Wienecke, N. Ratcliffe, A. J. Fox, A. H. Fleming, C. Porter, and P. N. Trathan, </strong><i> 2012</i>. An emperor penguin population estimate: The first global, synoptic survey of a species from space. PLoS ONE 7:e33751.",See original source for more details on methodology and survey precision.
Coulman Island,COUL,88.1,169.61,-73.35,emperor penguin,Unknown,Unknown,2010,2010,9305,2,chicks,aerial,"<strong>Kooyman, G.L. and P.J. Ponganis, </strong><i> 2016</i>. Rise and fall of Ross Sea emperor penguin colony populations: 2000 to 2012. Antarctic Science 29:201-208.",See original source for more details on methodology and survey precision.
Coulman Island,COUL,88.1,169.61,-73.35,emperor penguin,Unknown,Unknown,2010,2010,11348,1,adults,aerial,"<strong>Kooyman, G.L. and P.J. Ponganis, </strong><i> 2016</i>. Rise and fall of Ross Sea emperor penguin colony populations: 2000 to 2012. Antarctic Science 29:201-208.",See original source for more details on methodology and survey precision.
Coulman Island,COUL,88.1,169.61,-73.35,emperor penguin,Unknown,Unknown,2011,2011,12382,1,chicks,aerial,"<strong>Kooyman, G.L. and P.J. Ponganis, </strong><i> 2016</i>. Rise and fall of Ross Sea emperor penguin colony populations: 2000 to 2012. Antarctic Science 29:201-208.",See original source for more details on methodology and survey precision.
Coulman Island,COUL,88.1,169.61,-73.35,emperor penguin,Unknown,Unknown,2011,2011,26959,1,adults,aerial,"<strong>Kooyman, G.L. and P.J. Ponganis, </strong><i> 2016</i>. Rise and fall of Ross Sea emperor penguin colony populations: 2000 to 2012. Antarctic Science 29:201-208.",See original source for more details on methodology and survey precision.
Coulman Island,COUL,88.1,169.61,-73.35,emperor penguin,Unknown,Unknown,2012,2012,25244,2,chicks,aerial,"<strong>Kooyman, G.L. and P.J. Ponganis, </strong><i> 2016</i>. Rise and fall of Ross Sea emperor penguin colony populations: 2000 to 2012. Antarctic Science 29:201-208.",See original source for more details on methodology and survey precision.
Coulman Island,COUL,88.1,169.61,-73.35,emperor penguin,Unknown,Unknown,2012,2012,25428,1,adults,aerial,"<strong>Kooyman, G.L. and P.J. Ponganis, </strong><i> 2016</i>. Rise and fall of Ross Sea emperor penguin colony populations: 2000 to 2012. Antarctic Science 29:201-208.",See original source for more details on methodology and survey precision.
Cape Crozier,CROZ,88.1,169.32,-77.46,emperor penguin,Unknown,Unknown,1968,1968,711,1,chicks,None,"<strong>Ainley, D. G., R. C. Wood, and W. J. L. Sladen, </strong><i> 1978</i>. Bird life at Cape Crozier, Ross Island. The Wilson Bulletin 90:492-510. ",None
Cape Crozier,CROZ,88.1,169.32,-77.46,emperor penguin,Unknown,Unknown,1969,1969,697,1,chicks,None,"<strong>Ainley, D. G., R. C. Wood, and W. J. L. Sladen, </strong><i> 1978</i>. Bird life at Cape Crozier, Ross Island. The Wilson Bulletin 90:492-510. ",None
Cape Crozier,CROZ,88.1,169.32,-77.46,emperor penguin,Unknown,Unknown,1974,1974,256,1,chicks,None,"<strong>Ainley, D. G., R. C. Wood, and W. J. L. Sladen, </strong><i> 1978</i>. Bird life at Cape Crozier, Ross Island. The Wilson Bulletin 90:492-510. ",None
Cape Crozier,CROZ,88.1,169.32,-77.46,emperor penguin,Unknown,Unknown,1975,1975,118,1,chicks,None,"<strong>Ainley, D. G., R. C. Wood, and W. J. L. Sladen, </strong><i> 1978</i>. Bird life at Cape Crozier, Ross Island. The Wilson Bulletin 90:492-510. ",None
Cape Crozier,CROZ,88.1,169.32,-77.46,emperor penguin,Unknown,Unknown,1977,1977,40,1,chicks,None,"<strong>Wilson, G., </strong><i> 1983</i>. Distribution and abundance of Antarctic and sub- Antarctic penguins: A synthesis of current knowledge, volume 4 of BIOMASS Scientific Series. Scientific Committee on Antarctic Research (SCAR), Cambridge, United Kingdom.",None
Cape Crozier,CROZ,88.1,169.32,-77.46,emperor penguin,Unknown,Unknown,1983,1983,78,1,chicks,None,"<strong>Woehler, E. J., </strong><i> 1993</i>. The distribution and abundance of Antarctic and Subantarctic penguins. Scientific Committee on Antarctic Research (SCAR), Cambridge, United Kingdom.",None
Cape Crozier,CROZ,88.1,169.32,-77.46,adelie penguin,Unknown,12,1985,1985,167392,2,nests,aerial,"<strong>Lyver, P. O., </strong><i> ???? </i> Ad&#233;lie census data. dataset.",Assume aerial photo from early December.
Cape Crozier,CROZ,88.1,169.32,-77.46,adelie penguin,Unknown,12,1986,1986,177284,2,nests,aerial,"<strong>Lyver, P. O., </strong><i> ???? </i> Ad&#233;lie census data. dataset.",Assume aerial photo from early December.
Cape Crozier,CROZ,88.1,169.32,-77.46,adelie penguin,Unknown,12,1987,1987,177083,2,nests,aerial,"<strong>Lyver, P. O., </strong><i> ???? </i> Ad&#233;lie census data. dataset.",Assume aerial photo from early December.
Cape Crozier,CROZ,88.1,169.32,-77.46,adelie penguin,Unknown,12,1988,1988,131694,2,nests,aerial,"<strong>Lyver, P. O., </strong><i> ???? </i> Ad&#233;lie census data. dataset.",Assume aerial photo from early December.
Cape Crozier,CROZ,88.1,169.32,-77.46,adelie penguin,Unknown,12,1989,1989,136309,2,nests,aerial,"<strong>Lyver, P. O., </strong><i> ???? </i> Ad&#233;lie census data. dataset.",Assume aerial photo from early December.
Cape Crozier,CROZ,88.1,169.32,-77.46,adelie penguin,Unknown,12,1990,1990,109156,2,nests,aerial,"<strong>Lyver, P. O., </strong><i> ???? </i> Ad&#233;lie census data. dataset.",Assume aerial photo from early December.
Cape Crozier,CROZ,88.1,169.32,-77.46,adelie penguin,Unknown,12,1991,1991,118220,2,nests,aerial,"<strong>Lyver, P. O., </strong><i> ???? </i> Ad&#233;lie census data. dataset.",Assume aerial photo from early December.
Cape Crozier,CROZ,88.1,169.32,-77.46,adelie penguin,Unknown,12,1992,1992,134438,2,nests,aerial,"<strong>Lyver, P. O., </strong><i> ???? </i> Ad&#233;lie census data. dataset.",Assume aerial photo from early December.
Cape Crozier,CROZ,88.1,169.32,-77.46,adelie penguin,Unknown,12,1993,1993,121457,2,nests,aerial,"<strong>Lyver, P. O., </strong><i> ???? </i> Ad&#233;lie census data. dataset.",Assume aerial photo from early December.
Cape Crozier,CROZ,88.1,169.32,-77.46,adelie penguin,Unknown,12,1994,1994,120983,2,nests,aerial,"<strong>Lyver, P. O., </strong><i> ???? </i> Ad&#233;lie census data. dataset.",Assume aerial photo from early December.
Cape Crozier,CROZ,88.1,169.32,-77.46,adelie penguin,Unknown,12,1995,1995,115771,2,nests,aerial,"<strong>Lyver, P. O., </strong><i> ???? </i> Ad&#233;lie census data. dataset.",Assume aerial photo from early December.
Cape Crozier,CROZ,88.1,169.32,-77.46,adelie penguin,Unknown,12,1996,1996,117675,2,nests,aerial,"<strong>Lyver, P. O., </strong><i> ???? </i> Ad&#233;lie census data. dataset.",Assume aerial photo from early December.
Cape Crozier,CROZ,88.1,169.32,-77.46,adelie penguin,Unknown,12,1997,1997,153396,2,nests,aerial,"<strong>Lyver, P. O., </strong><i> ???? </i> Ad&#233;lie census data. dataset.",Assume aerial photo from early December.
Cape Crozier,CROZ,88.1,169.32,-77.46,adelie penguin,Unknown,12,1998,1998,125441,2,nests,aerial,"<strong>Lyver, P. O., </strong><i> ???? </i> Ad&#233;lie census data. dataset.",Assume aerial photo from early December.
Cape Crozier,CROZ,88.1,169.32,-77.46,adelie penguin,Unknown,12,1999,1999,156441,2,nests,aerial,"<strong>Lyver, P. O., </strong><i> ???? </i> Ad&#233;lie census data. dataset.",Assume aerial photo from early December.
Cape Crozier,CROZ,88.1,169.32,-77.46,emperor penguin,Unknown,Unknown,2000,2000,1201,1,chicks,ground,"<strong>Kooyman, G.L. and P.J. Ponganis, </strong><i> 2016</i>. Rise and fall of Ross Sea emperor penguin colony populations: 2000 to 2012. Antarctic Science 29:201-208.",See original source for more details on methodology and survey precision.
Cape Crozier,CROZ,88.1,169.32,-77.46,adelie penguin,Unknown,12,2001,2001,67114,2,nests,aerial,"<strong>Lyver, P. O., </strong><i> ???? </i> Ad&#233;lie census data. dataset.",Assume aerial photo from early December.
Cape Crozier,CROZ,88.1,169.32,-77.46,emperor penguin,Unknown,Unknown,2001,2001,0,1,chicks,ground,"<strong>Kooyman, G.L. and P.J. Ponganis, </strong><i> 2016</i>. Rise and fall of Ross Sea emperor penguin colony populations: 2000 to 2012. Antarctic Science 29:201-208.",See original source for more details on methodology and survey precision.
Cape Crozier,CROZ,88.1,169.32,-77.46,emperor penguin,Unknown,Unknown,2001,2001,0,1,adults,ground,"<strong>Kooyman, G.L. and P.J. Ponganis, </strong><i> 2016</i>. Rise and fall of Ross Sea emperor penguin colony populations: 2000 to 2012. Antarctic Science 29:201-208.",See original source for more details on methodology and survey precision.
Cape Crozier,CROZ,88.1,169.32,-77.46,adelie penguin,Unknown,12,2002,2002,161079,2,nests,aerial,"<strong>Lyver, P. O., </strong><i> ???? </i> Ad&#233;lie census data. dataset.",Assume aerial photo from early December.
Cape Crozier,CROZ,88.1,169.32,-77.46,emperor penguin,Unknown,Unknown,2002,2002,247,1,chicks,ground,"<strong>Kooyman, G.L. and P.J. Ponganis, </strong><i> 2016</i>. Rise and fall of Ross Sea emperor penguin colony populations: 2000 to 2012. Antarctic Science 29:201-208.",See original source for more details on methodology and survey precision.
Cape Crozier,CROZ,88.1,169.32,-77.46,adelie penguin,Unknown,12,2003,2003,100843,2,nests,aerial,"<strong>Lyver, P. O., </strong><i> ???? </i> Ad&#233;lie census data. dataset.",Assume aerial photo from early December.
Cape Crozier,CROZ,88.1,169.32,-77.46,emperor penguin,Unknown,Unknown,2003,2003,279,1,chicks,ground,"<strong>Kooyman, G.L. and P.J. Ponganis, </strong><i> 2016</i>. Rise and fall of Ross Sea emperor penguin colony populations: 2000 to 2012. Antarctic Science 29:201-208.",See original source for more details on methodology and survey precision.
Cape Crozier,CROZ,88.1,169.32,-77.46,emperor penguin,Unknown,Unknown,2003,2003,333,1,adults,ground,"<strong>Kooyman, G.L. and P.J. Ponganis, </strong><i> 2016</i>. Rise and fall of Ross Sea emperor penguin colony populations: 2000 to 2012. Antarctic Science 29:201-208.",See original source for more details on methodology and survey precision.
Cape Crozier,CROZ,88.1,169.32,-77.46,adelie penguin,Unknown,12,2004,2004,182492,2,nests,aerial,"<strong>Lyver, P. O., </strong><i> ???? </i> Ad&#233;lie census data. dataset.",Assume aerial photo from early December.
Cape Crozier,CROZ,88.1,169.32,-77.46,emperor penguin,Unknown,Unknown,2004,2004,475,1,chicks,ground,"<strong>Kooyman, G.L. and P.J. Ponganis, </strong><i> 2016</i>. Rise and fall of Ross Sea emperor penguin colony populations: 2000 to 2012. Antarctic Science 29:201-208.",See original source for more details on methodology and survey precision.
Cape Crozier,CROZ,88.1,169.32,-77.46,emperor penguin,Unknown,Unknown,2004,2004,224,1,adults,ground,"<strong>Kooyman, G.L. and P.J. Ponganis, </strong><i> 2016</i>. Rise and fall of Ross Sea emperor penguin colony populations: 2000 to 2012. Antarctic Science 29:201-208.",See original source for more details on methodology and survey precision.
Cape Crozier,CROZ,88.1,169.32,-77.46,adelie penguin,Unknown,12,2005,2005,194449,2,nests,aerial,"<strong>Lyver, P. O., </strong><i> ???? </i> Ad&#233;lie census data. dataset.",Assume aerial photo from early December.
Cape Crozier,CROZ,88.1,169.32,-77.46,emperor penguin,Unknown,Unknown,2005,2005,0,1,chicks,ground,"<strong>Kooyman, G.L. and P.J. Ponganis, </strong><i> 2016</i>. Rise and fall of Ross Sea emperor penguin colony populations: 2000 to 2012. Antarctic Science 29:201-208.",See original source for more details on methodology and survey precision.
Cape Crozier,CROZ,88.1,169.32,-77.46,emperor penguin,Unknown,Unknown,2005,2005,437,1,adults,ground,"<strong>Kooyman, G.L. and P.J. Ponganis, </strong><i> 2016</i>. Rise and fall of Ross Sea emperor penguin colony populations: 2000 to 2012. Antarctic Science 29:201-208.",See original source for more details on methodology and survey precision.
Cape Crozier,CROZ,88.1,169.32,-77.46,adelie penguin,Unknown,12,2006,2006,205667,2,nests,aerial,"<strong>Lyver, P. O., </strong><i> ???? </i> Ad&#233;lie census data. dataset.",Assume aerial photo from early December.
Cape Crozier,CROZ,88.1,169.32,-77.46,emperor penguin,Unknown,Unknown,2006,2006,359,1,chicks,ground,"<strong>Kooyman, G.L. and P.J. Ponganis, </strong><i> 2016</i>. Rise and fall of Ross Sea emperor penguin colony populations: 2000 to 2012. Antarctic Science 29:201-208.",See original source for more details on methodology and survey precision.
Cape Crozier,CROZ,88.1,169.32,-77.46,emperor penguin,Unknown,Unknown,2006,2006,469,1,adults,ground,"<strong>Kooyman, G.L. and P.J. Ponganis, </strong><i> 2016</i>. Rise and fall of Ross Sea emperor penguin colony populations: 2000 to 2012. Antarctic Science 29:201-208.",See original source for more details on methodology and survey precision.
Cape Crozier,CROZ,88.1,169.32,-77.46,adelie penguin,Unknown,12,2007,2007,197990,2,nests,aerial,"<strong>Lyver, P. O., </strong><i> ???? </i> Ad&#233;lie census data. dataset.",Assume aerial photo from early December.
Cape Crozier,CROZ,88.1,169.32,-77.46,emperor penguin,Unknown,Unknown,2007,2007,612,1,chicks,ground,"<strong>Kooyman, G.L. and P.J. Ponganis, </strong><i> 2016</i>. Rise and fall of Ross Sea emperor penguin colony populations: 2000 to 2012. Antarctic Science 29:201-208.",See original source for more details on methodology and survey precision.
Cape Crozier,CROZ,88.1,169.32,-77.46,emperor penguin,Unknown,Unknown,2007,2007,537,1,adults,ground,"<strong>Kooyman, G.L. and P.J. Ponganis, </strong><i> 2016</i>. Rise and fall of Ross Sea emperor penguin colony populations: 2000 to 2012. Antarctic Science 29:201-208.",See original source for more details on methodology and survey precision.
Cape Crozier,CROZ,88.1,169.32,-77.46,adelie penguin,Unknown,12,2008,2008,193624,2,nests,aerial,"<strong>Lyver, P. O., </strong><i> ???? </i> Ad&#233;lie census data. dataset.",Assume aerial photo from early December.
Cape Crozier,CROZ,88.1,169.32,-77.46,emperor penguin,Unknown,Unknown,2008,2008,367,1,chicks,ground,"<strong>Kooyman, G.L. and P.J. Ponganis, </strong><i> 2016</i>. Rise and fall of Ross Sea emperor penguin colony populations: 2000 to 2012. Antarctic Science 29:201-208.",See original source for more details on methodology and survey precision.
Cape Crozier,CROZ,88.1,169.32,-77.46,emperor penguin,Unknown,Unknown,2008,2008,623,1,adults,ground,"<strong>Kooyman, G.L. and P.J. Ponganis, </strong><i> 2016</i>. Rise and fall of Ross Sea emperor penguin colony populations: 2000 to 2012. Antarctic Science 29:201-208.",See original source for more details on methodology and survey precision.
Cape Crozier,CROZ,88.1,169.32,-77.46,adelie penguin,Unknown,12,2009,2009,282515,2,nests,aerial,"<strong>Lyver, P. O., </strong><i> ???? </i> Ad&#233;lie census data. dataset.",Assume aerial photo from early December.
Cape Crozier,CROZ,88.1,169.32,-77.46,emperor penguin,11,10,2009,2009,303,2,adults,vhr,"<strong>Fretwell, P. T., M. A. LaRue, P. Morin, G. L. Kooyman, B. Wienecke, N. Ratcliffe, A. J. Fox, A. H. Fleming, C. Porter, and P. N. Trathan, </strong><i> 2012</i>. An emperor penguin population estimate: The first global, synoptic survey of a species from space. PLoS ONE 7:e33751.",See original source for more details on methodology and survey precision.
Cape Crozier,CROZ,88.1,169.32,-77.46,adelie penguin,Unknown,12,2010,2010,278928,2,nests,aerial,"<strong>Lyver, P. O., </strong><i> ???? </i> Ad&#233;lie census data. dataset.",Assume aerial photo from early December.
Cape Crozier,CROZ,88.1,169.32,-77.46,emperor penguin,Unknown,Unknown,2010,2010,427,1,chicks,ground,"<strong>Kooyman, G.L. and P.J. Ponganis, </strong><i> 2016</i>. Rise and fall of Ross Sea emperor penguin colony populations: 2000 to 2012. Antarctic Science 29:201-208.",See original source for more details on methodology and survey precision.
Cape Crozier,CROZ,88.1,169.32,-77.46,emperor penguin,Unknown,Unknown,2010,2010,856,1,adults,ground,"<strong>Kooyman, G.L. and P.J. Ponganis, </strong><i> 2016</i>. Rise and fall of Ross Sea emperor penguin colony populations: 2000 to 2012. Antarctic Science 29:201-208.",See original source for more details on methodology and survey precision.
Cape Crozier,CROZ,88.1,169.32,-77.46,adelie penguin,Unknown,12,2011,2011,261371,2,nests,aerial,"<strong>Lyver, P. O., </strong><i> ???? </i> Ad&#233;lie census data. dataset.",Assume aerial photo from early December.
Cape Crozier,CROZ,88.1,169.32,-77.46,emperor penguin,Unknown,Unknown,2011,2011,709,1,chicks,ground,"<strong>Kooyman, G.L. and P.J. Ponganis, </strong><i> 2016</i>. Rise and fall of Ross Sea emperor penguin colony populations: 2000 to 2012. Antarctic Science 29:201-208.",See original source for more details on methodology and survey precision.
Cape Crozier,CROZ,88.1,169.32,-77.46,emperor penguin,Unknown,Unknown,2011,2011,878,1,adults,ground,"<strong>Kooyman, G.L. and P.J. Ponganis, </strong><i> 2016</i>. Rise and fall of Ross Sea emperor penguin colony populations: 2000 to 2012. Antarctic Science 29:201-208.",See original source for more details on methodology and survey precision.
Cape Crozier,CROZ,88.1,169.32,-77.46,adelie penguin,Unknown,12,2012,2012,272340,2,nests,aerial,"<strong>Lyver, P. O., </strong><i> ???? </i> Ad&#233;lie census data. dataset.",Assume aerial photo from early December.
Cape Crozier,CROZ,88.1,169.32,-77.46,emperor penguin,Unknown,Unknown,2012,2012,1080,1,chicks,ground,"<strong>Kooyman, G.L. and P.J. Ponganis, </strong><i> 2016</i>. Rise and fall of Ross Sea emperor penguin colony populations: 2000 to 2012. Antarctic Science 29:201-208.",See original source for more details on methodology and survey precision.
Cape Crozier,CROZ,88.1,169.32,-77.46,emperor penguin,Unknown,Unknown,2012,2012,1189,1,adults,ground,"<strong>Kooyman, G.L. and P.J. Ponganis, </strong><i> 2016</i>. Rise and fall of Ross Sea emperor penguin colony populations: 2000 to 2012. Antarctic Science 29:201-208.",See original source for more details on methodology and survey precision.
Cape Crozier,CROZ,88.1,169.32,-77.46,adelie penguin,Unknown,12,2013,2013,280787,2,nests,aerial,"<strong>Lyver, P. O., </strong><i> ???? </i> Ad&#233;lie census data. dataset.",Assume aerial photo from early December.
Cape Darnley,DARN,58.4.2,69.7,-67.88,emperor penguin,Unknown,Unknown,1961,1961,5000,3,adults,None,"<strong>Wilson, G., </strong><i> 1983</i>. Distribution and abundance of Antarctic and sub- Antarctic penguins: A synthesis of current knowledge, volume 4 of BIOMASS Scientific Series. Scientific Committee on Antarctic Research (SCAR), Cambridge, United Kingdom.",None
Cape Darnley,DARN,58.4.2,69.7,-67.88,emperor penguin,15,10,2009,2009,3465,2,adults,vhr,"<strong>Fretwell, P. T., M. A. LaRue, P. Morin, G. L. Kooyman, B. Wienecke, N. Ratcliffe, A. J. Fox, A. H. Fleming, C. Porter, and P. N. Trathan, </strong><i> 2012</i>. An emperor penguin population estimate: The first global, synoptic survey of a species from space. PLoS ONE 7:e33751.",See original source for more details on methodology and survey precision.
Dawson,DAWS,48.5,-26.67,-76.02,emperor penguin,Unknown,Unknown,1986,1986,11700,2,chicks,None,"<strong>Woehler, E. J., </strong><i> 1993</i>. The distribution and abundance of Antarctic and Subantarctic penguins. Scientific Committee on Antarctic Research (SCAR), Cambridge, United Kingdom.",None
Dawson,DAWS,48.5,-26.67,-76.02,emperor penguin,13,10,2009,2009,2597,2,adults,vhr,"<strong>Fretwell, P. T., M. A. LaRue, P. Morin, G. L. Kooyman, B. Wienecke, N. Ratcliffe, A. J. Fox, A. H. Fleming, C. Porter, and P. N. Trathan, </strong><i> 2012</i>. An emperor penguin population estimate: The first global, synoptic survey of a species from space. PLoS ONE 7:e33751.",See original source for more details on methodology and survey precision.
Davis Bay,DBAY,88.1,158.49,-69.35,emperor penguin,11,10,2009,2009,1745,2,adults,vhr,"<strong>Fretwell, P. T., M. A. LaRue, P. Morin, G. L. Kooyman, B. Wienecke, N. Ratcliffe, A. J. Fox, A. H. Fleming, C. Porter, and P. N. Trathan, </strong><i> 2012</i>. An emperor penguin population estimate: The first global, synoptic survey of a species from space. PLoS ONE 7:e33751.",See original source for more details on methodology and survey precision.
Dibble Glacier,DIBB,58.4.1,134.79,-66.01,emperor penguin,12,10,2009,2009,12476,2,adults,vhr,"<strong>Fretwell, P. T., M. A. LaRue, P. Morin, G. L. Kooyman, B. Wienecke, N. Ratcliffe, A. J. Fox, A. H. Fleming, C. Porter, and P. N. Trathan, </strong><i> 2012</i>. An emperor penguin population estimate: The first global, synoptic survey of a species from space. PLoS ONE 7:e33751.",See original source for more details on methodology and survey precision.
Dolleman,DOLL,48.5,-60.43,-70.61,emperor penguin,4,10,2009,2009,1620,2,adults,vhr,"<strong>Fretwell, P. T., M. A. LaRue, P. Morin, G. L. Kooyman, B. Wienecke, N. Ratcliffe, A. J. Fox, A. H. Fleming, C. Porter, and P. N. Trathan, </strong><i> 2012</i>. An emperor penguin population estimate: The first global, synoptic survey of a species from space. PLoS ONE 7:e33751.",See original source for more details on methodology and survey precision.
Drescher,DRES,48.6,-19.34,-72.83,emperor penguin,Unknown,Unknown,1986,1986,6600,2,chicks,None,"<strong>Woehler, E. J., </strong><i> 1993</i>. The distribution and abundance of Antarctic and Subantarctic penguins. Scientific Committee on Antarctic Research (SCAR), Cambridge, United Kingdom.",None
Drescher,DRES,48.6,-19.34,-72.83,emperor penguin,4,10,2009,2009,2305,2,adults,vhr,"<strong>Fretwell, P. T., M. A. LaRue, P. Morin, G. L. Kooyman, B. Wienecke, N. Ratcliffe, A. J. Fox, A. H. Fleming, C. Porter, and P. N. Trathan, </strong><i> 2012</i>. An emperor penguin population estimate: The first global, synoptic survey of a species from space. PLoS ONE 7:e33751.",See original source for more details on methodology and survey precision.
Emperor Island,EMPE,48.1,-68.71,-67.8647,emperor penguin,Unknown,10,1948,1948,70,None,chicks,None,"<strong>Trathan, P. N., P. T. Fretwell, and B. Stonehouse</strong><i>, 2011</i>. First recorded loss of an emperor penguin colony in the recent period of Antarctic regional warming: Implications for other colonies. PLoS ONE 6:e14738.",None
Emperor Island,EMPE,48.1,-68.71,-67.8647,emperor penguin,Unknown,Unknown,1949,1949,150,None,chicks,None,"<strong>Trathan, P. N., P. T. Fretwell, and B. Stonehouse</strong><i>, 2011</i>. First recorded loss of an emperor penguin colony in the recent period of Antarctic regional warming: Implications for other colonies. PLoS ONE 6:e14738.",None
Emperor Island,EMPE,48.1,-68.71,-67.8647,emperor penguin,Unknown,Unknown,1949,1949,141,3,adults,None,"<strong>Trathan, P. N., P. T. Fretwell, and B. Stonehouse</strong><i>, 2011</i>. First recorded loss of an emperor penguin colony in the recent period of Antarctic regional warming: Implications for other colonies. PLoS ONE 6:e14738.",None
Emperor Island,EMPE,48.1,-68.71,-67.8647,emperor penguin,9,10,1957,1957,90,None,adults,None,"<strong>Trathan, P. N., P. T. Fretwell, and B. Stonehouse</strong><i>, 2011</i>. First recorded loss of an emperor penguin colony in the recent period of Antarctic regional warming: Implications for other colonies. PLoS ONE 6:e14738.",None
Emperor Island,EMPE,48.1,-68.71,-67.8647,emperor penguin,9,10,1957,1957,35,2,chicks,None,"<strong>Trathan, P. N., P. T. Fretwell, and B. Stonehouse</strong><i>, 2011</i>. First recorded loss of an emperor penguin colony in the recent period of Antarctic regional warming: Implications for other colonies. PLoS ONE 6:e14738.",None
Emperor Island,EMPE,48.1,-68.71,-67.8647,emperor penguin,27,7,1958,1958,165,2,adults,None,"<strong>Trathan, P. N., P. T. Fretwell, and B. Stonehouse</strong><i>, 2011</i>. First recorded loss of an emperor penguin colony in the recent period of Antarctic regional warming: Implications for other colonies. PLoS ONE 6:e14738.",None
Emperor Island,EMPE,48.1,-68.71,-67.8647,emperor penguin,13,8,1963,1963,175,3,adults,None,"<strong>Trathan, P. N., P. T. Fretwell, and B. Stonehouse</strong><i>, 2011</i>. First recorded loss of an emperor penguin colony in the recent period of Antarctic regional warming: Implications for other colonies. PLoS ONE 6:e14738.",None
Emperor Island,EMPE,48.1,-68.71,-67.8647,emperor penguin,9,7,1964,1964,200,None,adults,None,"<strong>Trathan, P. N., P. T. Fretwell, and B. Stonehouse</strong><i>, 2011</i>. First recorded loss of an emperor penguin colony in the recent period of Antarctic regional warming: Implications for other colonies. PLoS ONE 6:e14738.",None
Emperor Island,EMPE,48.1,-68.71,-67.8647,emperor penguin,Unknown,8,1966,1966,250,None,adults,None,"<strong>Trathan, P. N., P. T. Fretwell, and B. Stonehouse</strong><i>, 2011</i>. First recorded loss of an emperor penguin colony in the recent period of Antarctic regional warming: Implications for other colonies. PLoS ONE 6:e14738.",None
Emperor Island,EMPE,48.1,-68.71,-67.8647,emperor penguin,Unknown,8,1966,1966,125,None,chicks,None,"<strong>Trathan, P. N., P. T. Fretwell, and B. Stonehouse</strong><i>, 2011</i>. First recorded loss of an emperor penguin colony in the recent period of Antarctic regional warming: Implications for other colonies. PLoS ONE 6:e14738.",None
Emperor Island,EMPE,48.1,-68.71,-67.8647,emperor penguin,30,8,1968,1968,250,None,adults,None,"<strong>Trathan, P. N., P. T. Fretwell, and B. Stonehouse</strong><i>, 2011</i>. First recorded loss of an emperor penguin colony in the recent period of Antarctic regional warming: Implications for other colonies. PLoS ONE 6:e14738.",None
Emperor Island,EMPE,48.1,-68.71,-67.8647,emperor penguin,30,8,1968,1968,68,None,chicks,None,"<strong>Trathan, P. N., P. T. Fretwell, and B. Stonehouse</strong><i>, 2011</i>. First recorded loss of an emperor penguin colony in the recent period of Antarctic regional warming: Implications for other colonies. PLoS ONE 6:e14738.",None
Emperor Island,EMPE,48.1,-68.71,-67.8647,emperor penguin,25,7,1969,1969,200,None,adults,None,"<strong>Trathan, P. N., P. T. Fretwell, and B. Stonehouse</strong><i>, 2011</i>. First recorded loss of an emperor penguin colony in the recent period of Antarctic regional warming: Implications for other colonies. PLoS ONE 6:e14738.",None
Emperor Island,EMPE,48.1,-68.71,-67.8647,emperor penguin,12,8,1970,1970,250,None,adults,None,"<strong>Trathan, P. N., P. T. Fretwell, and B. Stonehouse</strong><i>, 2011</i>. First recorded loss of an emperor penguin colony in the recent period of Antarctic regional warming: Implications for other colonies. PLoS ONE 6:e14738.",None
Emperor Island,EMPE,48.1,-68.71,-67.8647,emperor penguin,Unknown,Unknown,1977,1977,500,5,adults,None,"<strong>Wilson, G., </strong><i> 1983</i>. Distribution and abundance of Antarctic and sub- Antarctic penguins: A synthesis of current knowledge, volume 4 of BIOMASS Scientific Series. Scientific Committee on Antarctic Research (SCAR), Cambridge, United Kingdom.",None
Emperor Island,EMPE,48.1,-68.71,-67.8647,emperor penguin,Unknown,7,1978,1978,80,2,adults,None,"<strong>Trathan, P. N., P. T. Fretwell, and B. Stonehouse</strong><i>, 2011</i>. First recorded loss of an emperor penguin colony in the recent period of Antarctic regional warming: Implications for other colonies. PLoS ONE 6:e14738.",Original source lists this as 70-90 adults.
Emperor Island,EMPE,48.1,-68.71,-67.8647,emperor penguin,3,11,1978,1978,85,1,nests,None,"<strong>Trathan, P. N., P. T. Fretwell, and B. Stonehouse</strong><i>, 2011</i>. First recorded loss of an emperor penguin colony in the recent period of Antarctic regional warming: Implications for other colonies. PLoS ONE 6:e14738.",Est. accuracy
Emperor Island,EMPE,48.1,-68.71,-67.8647,adelie penguin,28,2,1986,1985,700,5,nests,ground,"<strong>Poncet, S. and J. Poncet, </strong><i> 1987</i>. Censuses of penguin populations of the Antarctic Peninsula 1983-1987. British Antarctic Survey Bulletin 77:109- 129.",None
Emperor Island,EMPE,48.1,-68.71,-67.8647,emperor penguin,1,7,1999,1999,16,1,adults,None,"<strong>Trathan, P. N., P. T. Fretwell, and B. Stonehouse</strong><i>, 2011</i>. First recorded loss of an emperor penguin colony in the recent period of Antarctic regional warming: Implications for other colonies. PLoS ONE 6:e14738.",Est. accuracy
Emperor Island,EMPE,48.1,-68.71,-67.8647,emperor penguin,1,7,1999,1999,15,1,chicks,None,"<strong>Trathan, P. N., P. T. Fretwell, and B. Stonehouse</strong><i>, 2011</i>. First recorded loss of an emperor penguin colony in the recent period of Antarctic regional warming: Implications for other colonies. PLoS ONE 6:e14738.",Est. accuracy
Emperor Island,EMPE,48.1,-68.71,-67.8647,emperor penguin,3,8,2001,2001,10,1,adults,None,"<strong>Trathan, P. N., P. T. Fretwell, and B. Stonehouse</strong><i>, 2011</i>. First recorded loss of an emperor penguin colony in the recent period of Antarctic regional warming: Implications for other colonies. PLoS ONE 6:e14738.",Est. accuracy
Emperor Island,EMPE,48.1,-68.71,-67.8647,emperor penguin,3,8,2001,2001,9,1,chicks,None,"<strong>Trathan, P. N., P. T. Fretwell, and B. Stonehouse</strong><i>, 2011</i>. First recorded loss of an emperor penguin colony in the recent period of Antarctic regional warming: Implications for other colonies. PLoS ONE 6:e14738.",Est. accuracy
Emperor Island,EMPE,48.1,-68.71,-67.8647,emperor penguin,28,11,2009,2009,0,1,nests,None,"<strong>Trathan, P. N., P. T. Fretwell, and B. Stonehouse</strong><i>, 2011</i>. First recorded loss of an emperor penguin colony in the recent period of Antarctic regional warming: Implications for other colonies. PLoS ONE 6:e14738.",None
Emperor Island,EMPE,48.1,-68.71,-67.8647,adelie penguin,14,1,2013,2012,1420,1,chicks,ground,"<strong>Casanovas, P., R. Naveen, S. Forrest, J. Poncet, and H. J. Lynch, </strong><i> 2015</i>. A comprehensive coastal seabird survey maps out the front lines of ecological change on the western Antarctic Peninsula. Polar Biology 38:927-940.",None
Emperor Island,EMPE,48.1,-68.71,-67.8647,chinstrap penguin,14,1,2013,2012,1,1,nests,ground,"<strong>Lynch, H. J., R. Naveen, and P. Casanovas, </strong><i> 2013</i>. Antarctic Site Inventory breeding bird survey data, 1994-2013: Ecological Archives E094-243. Ecology 94:2653-2653.",None
Fold Island,FOLD,58.4.2,59.32,-67.32,emperor penguin,Unknown,Unknown,1977,1977,450,1,chicks,None,"<strong>Wilson, G., </strong><i> 1983</i>. Distribution and abundance of Antarctic and sub- Antarctic penguins: A synthesis of current knowledge, volume 4 of BIOMASS Scientific Series. Scientific Committee on Antarctic Research (SCAR), Cambridge, United Kingdom.",None
Fold Island,FOLD,58.4.2,59.32,-67.32,emperor penguin,Unknown,Unknown,1985,1985,348,2,chicks,None,"<strong>Woehler, E. J., </strong><i> 1993</i>. The distribution and abundance of Antarctic and Subantarctic penguins. Scientific Committee on Antarctic Research (SCAR), Cambridge, United Kingdom.",None
Fold Island,FOLD,58.4.2,59.32,-67.32,emperor penguin,14,10,2009,2009,213,2,adults,vhr,"<strong>Fretwell, P. T., M. A. LaRue, P. Morin, G. L. Kooyman, B. Wienecke, N. Ratcliffe, A. J. Fox, A. H. Fleming, C. Porter, and P. N. Trathan, </strong><i> 2012</i>. An emperor penguin population estimate: The first global, synoptic survey of a species from space. PLoS ONE 7:e33751.",See original source for more details on methodology and survey precision.
Franklin Island,FRAN,88.1,168.43,-76.18,emperor penguin,Unknown,Unknown,1964,1964,1700,3,chicks,None,"<strong>Wilson, G., </strong><i> 1983</i>. Distribution and abundance of Antarctic and sub- Antarctic penguins: A synthesis of current knowledge, volume 4 of BIOMASS Scientific Series. Scientific Committee on Antarctic Research (SCAR), Cambridge, United Kingdom.",None
Franklin Island,FRAN,88.1,168.43,-76.18,emperor penguin,Unknown,Unknown,1965,1965,250,None,None,None,"<strong>Wilson, G., </strong><i> 1983</i>. Distribution and abundance of Antarctic and sub- Antarctic penguins: A synthesis of current knowledge, volume 4 of BIOMASS Scientific Series. Scientific Committee on Antarctic Research (SCAR), Cambridge, United Kingdom.",None
Franklin Island,FRAN,88.1,168.43,-76.18,emperor penguin,Unknown,Unknown,1983,1983,4989,2,chicks,None,"<strong>Woehler, E. J., </strong><i> 1993</i>. The distribution and abundance of Antarctic and Subantarctic penguins. Scientific Committee on Antarctic Research (SCAR), Cambridge, United Kingdom.",None
Franklin Island,FRAN,88.1,168.43,-76.18,emperor penguin,Unknown,Unknown,2000,2000,2915,1,chicks,aerial,"<strong>Kooyman, G.L. and P.J. Ponganis, </strong><i> 2016</i>. Rise and fall of Ross Sea emperor penguin colony populations: 2000 to 2012. Antarctic Science 29:201-208.",See original source for more details on methodology and survey precision.
Franklin Island,FRAN,88.1,168.43,-76.18,emperor penguin,Unknown,Unknown,2001,2001,1496,1,chicks,aerial,"<strong>Kooyman, G.L. and P.J. Ponganis, </strong><i> 2016</i>. Rise and fall of Ross Sea emperor penguin colony populations: 2000 to 2012. Antarctic Science 29:201-208.",See original source for more details on methodology and survey precision.
Franklin Island,FRAN,88.1,168.43,-76.18,emperor penguin,Unknown,Unknown,2001,2001,2304,1,adults,aerial,"<strong>Kooyman, G.L. and P.J. Ponganis, </strong><i> 2016</i>. Rise and fall of Ross Sea emperor penguin colony populations: 2000 to 2012. Antarctic Science 29:201-208.",See original source for more details on methodology and survey precision.
Franklin Island,FRAN,88.1,168.43,-76.18,emperor penguin,Unknown,Unknown,2003,2003,2598,1,chicks,aerial,"<strong>Kooyman, G.L. and P.J. Ponganis, </strong><i> 2016</i>. Rise and fall of Ross Sea emperor penguin colony populations: 2000 to 2012. Antarctic Science 29:201-208.",See original source for more details on methodology and survey precision.
Franklin Island,FRAN,88.1,168.43,-76.18,emperor penguin,Unknown,Unknown,2003,2003,1824,1,adults,aerial,"<strong>Kooyman, G.L. and P.J. Ponganis, </strong><i> 2016</i>. Rise and fall of Ross Sea emperor penguin colony populations: 2000 to 2012. Antarctic Science 29:201-208.",See original source for more details on methodology and survey precision.
Franklin Island,FRAN,88.1,168.43,-76.18,emperor penguin,Unknown,Unknown,2004,2004,5145,1,chicks,aerial,"<strong>Kooyman, G.L. and P.J. Ponganis, </strong><i> 2016</i>. Rise and fall of Ross Sea emperor penguin colony populations: 2000 to 2012. Antarctic Science 29:201-208.",See original source for more details on methodology and survey precision.
Franklin Island,FRAN,88.1,168.43,-76.18,emperor penguin,Unknown,Unknown,2004,2004,5089,1,adults,aerial,"<strong>Kooyman, G.L. and P.J. Ponganis, </strong><i> 2016</i>. Rise and fall of Ross Sea emperor penguin colony populations: 2000 to 2012. Antarctic Science 29:201-208.",See original source for more details on methodology and survey precision.
Franklin Island,FRAN,88.1,168.43,-76.18,emperor penguin,Unknown,Unknown,2005,2005,1966,1,chicks,aerial,"<strong>Kooyman, G.L. and P.J. Ponganis, </strong><i> 2016</i>. Rise and fall of Ross Sea emperor penguin colony populations: 2000 to 2012. Antarctic Science 29:201-208.",See original source for more details on methodology and survey precision.
Franklin Island,FRAN,88.1,168.43,-76.18,emperor penguin,Unknown,Unknown,2005,2005,2460,1,adults,aerial,"<strong>Kooyman, G.L. and P.J. Ponganis, </strong><i> 2016</i>. Rise and fall of Ross Sea emperor penguin colony populations: 2000 to 2012. Antarctic Science 29:201-208.",See original source for more details on methodology and survey precision.
Franklin Island,FRAN,88.1,168.43,-76.18,emperor penguin,Unknown,Unknown,2006,2006,10769,1,chicks,aerial,"<strong>Kooyman, G.L. and P.J. Ponganis, </strong><i> 2016</i>. Rise and fall of Ross Sea emperor penguin colony populations: 2000 to 2012. Antarctic Science 29:201-208.",See original source for more details on methodology and survey precision.
Franklin Island,FRAN,88.1,168.43,-76.18,emperor penguin,Unknown,Unknown,2006,2006,6768,1,adults,aerial,"<strong>Kooyman, G.L. and P.J. Ponganis, </strong><i> 2016</i>. Rise and fall of Ross Sea emperor penguin colony populations: 2000 to 2012. Antarctic Science 29:201-208.",See original source for more details on methodology and survey precision.
Franklin Island,FRAN,88.1,168.43,-76.18,emperor penguin,Unknown,Unknown,2007,2007,5005,2,chicks,aerial,"<strong>Kooyman, G.L. and P.J. Ponganis, </strong><i> 2016</i>. Rise and fall of Ross Sea emperor penguin colony populations: 2000 to 2012. Antarctic Science 29:201-208.",See original source for more details on methodology and survey precision.
Franklin Island,FRAN,88.1,168.43,-76.18,emperor penguin,Unknown,Unknown,2007,2007,4315,1,adults,aerial,"<strong>Kooyman, G.L. and P.J. Ponganis, </strong><i> 2016</i>. Rise and fall of Ross Sea emperor penguin colony populations: 2000 to 2012. Antarctic Science 29:201-208.",See original source for more details on methodology and survey precision.
Franklin Island,FRAN,88.1,168.43,-76.18,emperor penguin,Unknown,Unknown,2008,2008,5079,1,chicks,aerial,"<strong>Kooyman, G.L. and P.J. Ponganis, </strong><i> 2016</i>. Rise and fall of Ross Sea emperor penguin colony populations: 2000 to 2012. Antarctic Science 29:201-208.",See original source for more details on methodology and survey precision.
Franklin Island,FRAN,88.1,168.43,-76.18,emperor penguin,Unknown,Unknown,2008,2008,2103,1,adults,aerial,"<strong>Kooyman, G.L. and P.J. Ponganis, </strong><i> 2016</i>. Rise and fall of Ross Sea emperor penguin colony populations: 2000 to 2012. Antarctic Science 29:201-208.",See original source for more details on methodology and survey precision.
Franklin Island,FRAN,88.1,168.43,-76.18,emperor penguin,13,10,2009,2009,7561,2,adults,vhr,"<strong>Fretwell, P. T., M. A. LaRue, P. Morin, G. L. Kooyman, B. Wienecke, N. Ratcliffe, A. J. Fox, A. H. Fleming, C. Porter, and P. N. Trathan, </strong><i> 2012</i>. An emperor penguin population estimate: The first global, synoptic survey of a species from space. PLoS ONE 7:e33751.",See original source for more details on methodology and survey precision.
Franklin Island,FRAN,88.1,168.43,-76.18,emperor penguin,Unknown,Unknown,2010,2010,2475,2,chicks,aerial,"<strong>Kooyman, G.L. and P.J. Ponganis, </strong><i> 2016</i>. Rise and fall of Ross Sea emperor penguin colony populations: 2000 to 2012. Antarctic Science 29:201-208.",See original source for more details on methodology and survey precision.
Franklin Island,FRAN,88.1,168.43,-76.18,emperor penguin,Unknown,Unknown,2010,2010,5108,1,adults,aerial,"<strong>Kooyman, G.L. and P.J. Ponganis, </strong><i> 2016</i>. Rise and fall of Ross Sea emperor penguin colony populations: 2000 to 2012. Antarctic Science 29:201-208.",See original source for more details on methodology and survey precision.
Franklin Island,FRAN,88.1,168.43,-76.18,emperor penguin,Unknown,Unknown,2011,2011,3804,1,chicks,aerial,"<strong>Kooyman, G.L. and P.J. Ponganis, </strong><i> 2016</i>. Rise and fall of Ross Sea emperor penguin colony populations: 2000 to 2012. Antarctic Science 29:201-208.",See original source for more details on methodology and survey precision.
Franklin Island,FRAN,88.1,168.43,-76.18,emperor penguin,Unknown,Unknown,2011,2011,5609,1,adults,aerial,"<strong>Kooyman, G.L. and P.J. Ponganis, </strong><i> 2016</i>. Rise and fall of Ross Sea emperor penguin colony populations: 2000 to 2012. Antarctic Science 29:201-208.",See original source for more details on methodology and survey precision.
Franklin Island,FRAN,88.1,168.43,-76.18,emperor penguin,Unknown,Unknown,2012,2012,3171,1,chicks,aerial,"<strong>Kooyman, G.L. and P.J. Ponganis, </strong><i> 2016</i>. Rise and fall of Ross Sea emperor penguin colony populations: 2000 to 2012. Antarctic Science 29:201-208.",See original source for more details on methodology and survey precision.
Franklin Island,FRAN,88.1,168.43,-76.18,emperor penguin,Unknown,Unknown,2012,2012,7073,1,adults,aerial,"<strong>Kooyman, G.L. and P.J. Ponganis, </strong><i> 2016</i>. Rise and fall of Ross Sea emperor penguin colony populations: 2000 to 2012. Antarctic Science 29:201-208.",See original source for more details on methodology and survey precision.
Gould,GOUL,48.5,-47.68,-77.71,emperor penguin,14,10,2009,2009,8242,2,adults,vhr,"<strong>Fretwell, P. T., M. A. LaRue, P. Morin, G. L. Kooyman, B. Wienecke, N. Ratcliffe, A. J. Fox, A. H. Fleming, C. Porter, and P. N. Trathan, </strong><i> 2012</i>. An emperor penguin population estimate: The first global, synoptic survey of a species from space. PLoS ONE 7:e33751.",See original source for more details on methodology and survey precision.
Gunnerus,GUNN,58.4.2,34.38,-68.75,emperor penguin,Unknown,Unknown,1975,1975,5750,None,None,None,"<strong>Wilson, G., </strong><i> 1983</i>. Distribution and abundance of Antarctic and sub- Antarctic penguins: A synthesis of current knowledge, volume 4 of BIOMASS Scientific Series. Scientific Committee on Antarctic Research (SCAR), Cambridge, United Kingdom.","Originally called 'Riiser-Larsen Peninsula' but name changed to Gunnerus by Fretwell et al. to avoid confusion with the ""Riiser"" colony."
Gunnerus,GUNN,58.4.2,34.38,-68.75,emperor penguin,Unknown,Unknown,1990,1990,7000,None,chicks,None,"<strong>Woehler, E. J., </strong><i> 1993</i>. The distribution and abundance of Antarctic and Subantarctic penguins. Scientific Committee on Antarctic Research (SCAR), Cambridge, United Kingdom.","Originally called 'Riiser-Larsen Peninsula' but name changed to Gunnerus by Fretwell et al. to avoid confusion with the ""Riiser"" colony."
Gunnerus,GUNN,58.4.2,34.38,-68.75,emperor penguin,31,10,2009,2009,4652,2,adults,vhr,"<strong>Fretwell, P. T., M. A. LaRue, P. Morin, G. L. Kooyman, B. Wienecke, N. Ratcliffe, A. J. Fox, A. H. Fleming, C. Porter, and P. N. Trathan, </strong><i> 2012</i>. An emperor penguin population estimate: The first global, synoptic survey of a species from space. PLoS ONE 7:e33751.",See original source for more details on methodology and survey precision.
Halley,HALY,48.5,-27.43,-75.54,emperor penguin,Unknown,Unknown,1977,1977,14700,1,chicks,None,"<strong>Wilson, G., </strong><i> 1983</i>. Distribution and abundance of Antarctic and sub- Antarctic penguins: A synthesis of current knowledge, volume 4 of BIOMASS Scientific Series. Scientific Committee on Antarctic Research (SCAR), Cambridge, United Kingdom.",None
Halley,HALY,48.5,-27.43,-75.54,emperor penguin,Unknown,Unknown,1986,1986,15700,1,chicks,None,"<strong>Woehler, E. J., </strong><i> 1993</i>. The distribution and abundance of Antarctic and Subantarctic penguins. Scientific Committee on Antarctic Research (SCAR), Cambridge, United Kingdom.",None
Halley,HALY,48.5,-27.43,-75.54,emperor penguin,Unknown,Unknown,1987,1987,14300,1,chicks,None,"<strong>Woehler, E. J., </strong><i> 1993</i>. The distribution and abundance of Antarctic and Subantarctic penguins. Scientific Committee on Antarctic Research (SCAR), Cambridge, United Kingdom.",None
Halley,HALY,48.5,-27.43,-75.54,emperor penguin,27,10,2009,2009,22510,2,adults,vhr,"<strong>Fretwell, P. T., M. A. LaRue, P. Morin, G. L. Kooyman, B. Wienecke, N. Ratcliffe, A. J. Fox, A. H. Fleming, C. Porter, and P. N. Trathan, </strong><i> 2012</i>. An emperor penguin population estimate: The first global, synoptic survey of a species from space. PLoS ONE 7:e33751.",See original source for more details on methodology and survey precision.
Haswell Island,HASW,58.4.1,93.01,-66.52,emperor penguin,Unknown,Unknown,1962,1962,9000,4,adults,None,"<strong>Wilson, G., </strong><i> 1983</i>. Distribution and abundance of Antarctic and sub- Antarctic penguins: A synthesis of current knowledge, volume 4 of BIOMASS Scientific Series. Scientific Committee on Antarctic Research (SCAR), Cambridge, United Kingdom.",None
Haswell Island,HASW,58.4.1,93.01,-66.52,emperor penguin,Unknown,Unknown,1970,1970,17000,4,adults,None,"<strong>Woehler, E. J., </strong><i> 1993</i>. The distribution and abundance of Antarctic and Subantarctic penguins. Scientific Committee on Antarctic Research (SCAR), Cambridge, United Kingdom.",None
Haswell Island,HASW,58.4.1,93.01,-66.52,adelie penguin,22,1,1979,1978,11300,1,chicks,ground,"<strong>Starck, W., </strong><i> 1980</i>. The avifauna of Haswell Island (East Antarctica) in the summer of 1978/1979. Polish Polar Research 1:183-196.",None
Haswell Island,HASW,58.4.1,93.01,-66.52,emperor penguin,27,10,2009,2009,3247,2,adults,vhr,"<strong>Fretwell, P. T., M. A. LaRue, P. Morin, G. L. Kooyman, B. Wienecke, N. Ratcliffe, A. J. Fox, A. H. Fleming, C. Porter, and P. N. Trathan, </strong><i> 2012</i>. An emperor penguin population estimate: The first global, synoptic survey of a species from space. PLoS ONE 7:e33751.",See original source for more details on methodology and survey precision.
Haswell Island,HASW,58.4.1,93.01,-66.52,adelie penguin,18,1,2012,2011,4011,5,nests,vhr,"<strong>Lynch, H. J. and M. A. LaRue, </strong><i> 2014</i>. First global census of the Ad&#233;lie Penguin. The Auk 131:457-466.",None
Kloa Point,KLOA,58.4.2,57.28,-66.64,emperor penguin,Unknown,Unknown,1977,1977,3050,1,chicks,None,"<strong>Wilson, G., </strong><i> 1983</i>. Distribution and abundance of Antarctic and sub- Antarctic penguins: A synthesis of current knowledge, volume 4 of BIOMASS Scientific Series. Scientific Committee on Antarctic Research (SCAR), Cambridge, United Kingdom.",None
Kloa Point,KLOA,58.4.2,57.28,-66.64,emperor penguin,Unknown,Unknown,1985,1985,4500,2,chicks,None,"<strong>Woehler, E. J., </strong><i> 1993</i>. The distribution and abundance of Antarctic and Subantarctic penguins. Scientific Committee on Antarctic Research (SCAR), Cambridge, United Kingdom.",None
Kloa Point,KLOA,58.4.2,57.28,-66.64,emperor penguin,13,11,2009,2009,3283,2,adults,vhr,"<strong>Fretwell, P. T., M. A. LaRue, P. Morin, G. L. Kooyman, B. Wienecke, N. Ratcliffe, A. J. Fox, A. H. Fleming, C. Porter, and P. N. Trathan, </strong><i> 2012</i>. An emperor penguin population estimate: The first global, synoptic survey of a species from space. PLoS ONE 7:e33751.",See original source for more details on methodology and survey precision.
Lazarev,LAZA,48.6,15.55,-69.75,emperor penguin,11,10,2009,2009,821,2,adults,vhr,"<strong>Fretwell, P. T., M. A. LaRue, P. Morin, G. L. Kooyman, B. Wienecke, N. Ratcliffe, A. J. Fox, A. H. Fleming, C. Porter, and P. N. Trathan, </strong><i> 2012</i>. An emperor penguin population estimate: The first global, synoptic survey of a species from space. PLoS ONE 7:e33751.",See original source for more details on methodology and survey precision.
Ledda Bay,LEDD,88.2,-130.784,-74.228,emperor penguin,27,10,2009,2009,0,2,adults,vhr,"<strong>Fretwell, P. T., M. A. LaRue, P. Morin, G. L. Kooyman, B. Wienecke, N. Ratcliffe, A. J. Fox, A. H. Fleming, C. Porter, and P. N. Trathan, </strong><i> 2012</i>. An emperor penguin population estimate: The first global, synoptic survey of a species from space. PLoS ONE 7:e33751.",See original source for more details on methodology and survey precision.
Luitpold,LUIT,48.5,-33.6,-77.77,emperor penguin,12,11,2009,2009,6498,2,adults,vhr,"<strong>Fretwell, P. T., M. A. LaRue, P. Morin, G. L. Kooyman, B. Wienecke, N. Ratcliffe, A. J. Fox, A. H. Fleming, C. Porter, and P. N. Trathan, </strong><i> 2012</i>. An emperor penguin population estimate: The first global, synoptic survey of a species from space. PLoS ONE 7:e33751.",See original source for more details on methodology and survey precision.
Mertz Glacier,MERT,58.4.1,146.62,-66.892,emperor penguin,17,11,2009,2009,4781,2,adults,vhr,"<strong>Fretwell, P. T., M. A. LaRue, P. Morin, G. L. Kooyman, B. Wienecke, N. Ratcliffe, A. J. Fox, A. H. Fleming, C. Porter, and P. N. Trathan, </strong><i> 2012</i>. An emperor penguin population estimate: The first global, synoptic survey of a species from space. PLoS ONE 7:e33751.",See original source for more details on methodology and survey precision.
Noville Peninsula,NOVI,88.3,-98.45,-71.77,emperor penguin,17,11,2009,2009,3568,2,adults,vhr,"<strong>Fretwell, P. T., M. A. LaRue, P. Morin, G. L. Kooyman, B. Wienecke, N. Ratcliffe, A. J. Fox, A. H. Fleming, C. Porter, and P. N. Trathan, </strong><i> 2012</i>. An emperor penguin population estimate: The first global, synoptic survey of a species from space. PLoS ONE 7:e33751.",See original source for more details on methodology and survey precision.
Point Geologie,PGEO,58.4.1,140.01,-66.67,emperor penguin,Unknown,Unknown,1981,1981,3020,1,nests,None,"<strong>Wilson, G., </strong><i> 1983</i>. Distribution and abundance of Antarctic and sub- Antarctic penguins: A synthesis of current knowledge, volume 4 of BIOMASS Scientific Series. Scientific Committee on Antarctic Research (SCAR), Cambridge, United Kingdom.",None
Point Geologie,PGEO,58.4.1,140.01,-66.67,adelie penguin,Unknown,Unknown,1984,1984,29182,1,adults,None,"<strong>Woehler, E. J., </strong><i> 1993</i>. The distribution and abundance of Antarctic and Subantarctic penguins. Scientific Committee on Antarctic Research (SCAR), Cambridge, United Kingdom.",None
Point Geologie,PGEO,58.4.1,140.01,-66.67,emperor penguin,Unknown,Unknown,1984,1984,3119,1,adults,None,"<strong>Woehler, E. J., </strong><i> 1993</i>. The distribution and abundance of Antarctic and Subantarctic penguins. Scientific Committee on Antarctic Research (SCAR), Cambridge, United Kingdom.",None
Point Geologie,PGEO,58.4.1,140.01,-66.67,emperor penguin,Unknown,Unknown,1987,1987,2300,1,chicks,None,"<strong>Woehler, E. J., </strong><i> 1993</i>. The distribution and abundance of Antarctic and Subantarctic penguins. Scientific Committee on Antarctic Research (SCAR), Cambridge, United Kingdom.",None
Point Geologie,PGEO,58.4.1,140.01,-66.67,adelie penguin,Unknown,Unknown,1998,1998,42161,1,nests,ground,"<strong>Micol, T. and P. Jouventin, </strong><i> 2001</i>. Long-term population trends in seven Antarctic seabirds at Pointe G&#233;ologie (Terre Ad&#233;lie) Human impact compared with environmental change. Polar Biology 24:175-185.","Estimated accuracy; this includes the 'Core Area' as well as all other islands in original source except for Fram, Ifo, Helene, and Rocher Gris, which are included as separate locations."
Point Geologie,PGEO,58.4.1,140.01,-66.67,emperor penguin,1,10,2009,2009,2456,2,adults,vhr,"<strong>Fretwell, P. T., M. A. LaRue, P. Morin, G. L. Kooyman, B. Wienecke, N. Ratcliffe, A. J. Fox, A. H. Fleming, C. Porter, and P. N. Trathan, </strong><i> 2012</i>. An emperor penguin population estimate: The first global, synoptic survey of a species from space. PLoS ONE 7:e33751.",See original source for more details on methodology and survey precision.
Peterson Bank,PSON,58.4.1,110.23,-65.92,emperor penguin,24,10,2009,2009,0,2,adults,vhr,"<strong>Fretwell, P. T., M. A. LaRue, P. Morin, G. L. Kooyman, B. Wienecke, N. Ratcliffe, A. J. Fox, A. H. Fleming, C. Porter, and P. N. Trathan, </strong><i> 2012</i>. An emperor penguin population estimate: The first global, synoptic survey of a species from space. PLoS ONE 7:e33751.",See original source for more details on methodology and survey precision.
Ragnhild,RAGN,48.6,27.15,-69.9,emperor penguin,10,10,2009,2009,6870,2,adults,vhr,"<strong>Fretwell, P. T., M. A. LaRue, P. Morin, G. L. Kooyman, B. Wienecke, N. Ratcliffe, A. J. Fox, A. H. Fleming, C. Porter, and P. N. Trathan, </strong><i> 2012</i>. An emperor penguin population estimate: The first global, synoptic survey of a species from space. PLoS ONE 7:e33751.",See original source for more details on methodology and survey precision.
Riiser,RIIS,48.6,-15.11,-72.12,emperor penguin,Unknown,Unknown,1986,1986,5900,2,chicks,None,"<strong>Woehler, E. J., </strong><i> 1993</i>. The distribution and abundance of Antarctic and Subantarctic penguins. Scientific Committee on Antarctic Research (SCAR), Cambridge, United Kingdom.",None
Riiser,RIIS,48.6,-15.11,-72.12,emperor penguin,27,10,2009,2009,4013,2,adults,vhr,"<strong>Fretwell, P. T., M. A. LaRue, P. Morin, G. L. Kooyman, B. Wienecke, N. Ratcliffe, A. J. Fox, A. H. Fleming, C. Porter, and P. N. Trathan, </strong><i> 2012</i>. An emperor penguin population estimate: The first global, synoptic survey of a species from space. PLoS ONE 7:e33751.","See original source for more details on methodology and survey precision. From e-mail from Peter Fretwell: The Riiser colony is 'probably' the same one documented in Woehler's synopsis as Riiser-Larsen Ice shelf. The previous coordinates were from Hempel & Stonehouse's 1987 Polar Stern survey and those old coordinates are particularly coarse. The  17W, 72E location is actually 47 km offshore and probably represents the general location, or the location of the ice shelf itself.  Most of the coordinates from this survey were very coarse, for instance the location of the Halley colony simply cites the Brunt Ice shelf CGA location. However the original Riiser Larsen coordinate is still a long way from our own location on the Riisser Larsen ice shelf, it could be that the colony was further west previously, but it is impossible to say. It is likely that it is the same colony as no colony exists nearer the original point."
Cape Roget,ROGE,88.1,170.59,-71.99,emperor penguin,Unknown,Unknown,1964,1964,11700,3,chicks,None,"<strong>Wilson, G., </strong><i> 1983</i>. Distribution and abundance of Antarctic and sub- Antarctic penguins: A synthesis of current knowledge, volume 4 of BIOMASS Scientific Series. Scientific Committee on Antarctic Research (SCAR), Cambridge, United Kingdom.",None
Cape Roget,ROGE,88.1,170.59,-71.99,emperor penguin,Unknown,Unknown,1983,1983,3851,2,chicks,None,"<strong>Woehler, E. J., </strong><i> 1993</i>. The distribution and abundance of Antarctic and Subantarctic penguins. Scientific Committee on Antarctic Research (SCAR), Cambridge, United Kingdom.",None
Cape Roget,ROGE,88.1,170.59,-71.99,emperor penguin,Unknown,Unknown,2007,2007,10414,2,chicks,ground,"<strong>Kooyman, G.L. and P.J. Ponganis, </strong><i> 2016</i>. Rise and fall of Ross Sea emperor penguin colony populations: 2000 to 2012. Antarctic Science 29:201-208.",See original source for more details on methodology and survey precision.
Cape Roget,ROGE,88.1,170.59,-71.99,emperor penguin,Unknown,Unknown,2007,2007,4339,1,adults,ground,"<strong>Kooyman, G.L. and P.J. Ponganis, </strong><i> 2016</i>. Rise and fall of Ross Sea emperor penguin colony populations: 2000 to 2012. Antarctic Science 29:201-208.",See original source for more details on methodology and survey precision.
Cape Roget,ROGE,88.1,170.59,-71.99,emperor penguin,Unknown,Unknown,2008,2008,10088,2,chicks,ground,"<strong>Kooyman, G.L. and P.J. Ponganis, </strong><i> 2016</i>. Rise and fall of Ross Sea emperor penguin colony populations: 2000 to 2012. Antarctic Science 29:201-208.",See original source for more details on methodology and survey precision.
Cape Roget,ROGE,88.1,170.59,-71.99,emperor penguin,Unknown,Unknown,2008,2008,5934,1,adults,ground,"<strong>Kooyman, G.L. and P.J. Ponganis, </strong><i> 2016</i>. Rise and fall of Ross Sea emperor penguin colony populations: 2000 to 2012. Antarctic Science 29:201-208.",See original source for more details on methodology and survey precision.
Cape Roget,ROGE,88.1,170.59,-71.99,emperor penguin,16,10,2009,2009,9505,2,adults,vhr,"<strong>Fretwell, P. T., M. A. LaRue, P. Morin, G. L. Kooyman, B. Wienecke, N. Ratcliffe, A. J. Fox, A. H. Fleming, C. Porter, and P. N. Trathan, </strong><i> 2012</i>. An emperor penguin population estimate: The first global, synoptic survey of a species from space. PLoS ONE 7:e33751.",See original source for more details on methodology and survey precision.
Cape Roget,ROGE,88.1,170.59,-71.99,emperor penguin,Unknown,Unknown,2010,2010,3888,2,chicks,ground,"<strong>Kooyman, G.L. and P.J. Ponganis, </strong><i> 2016</i>. Rise and fall of Ross Sea emperor penguin colony populations: 2000 to 2012. Antarctic Science 29:201-208.",See original source for more details on methodology and survey precision.
Cape Roget,ROGE,88.1,170.59,-71.99,emperor penguin,Unknown,Unknown,2010,2010,5702,1,adults,ground,"<strong>Kooyman, G.L. and P.J. Ponganis, </strong><i> 2016</i>. Rise and fall of Ross Sea emperor penguin colony populations: 2000 to 2012. Antarctic Science 29:201-208.",See original source for more details on methodology and survey precision.
Cape Roget,ROGE,88.1,170.59,-71.99,emperor penguin,Unknown,Unknown,2011,2011,8702,1,chicks,ground,"<strong>Kooyman, G.L. and P.J. Ponganis, </strong><i> 2016</i>. Rise and fall of Ross Sea emperor penguin colony populations: 2000 to 2012. Antarctic Science 29:201-208.",See original source for more details on methodology and survey precision.
Cape Roget,ROGE,88.1,170.59,-71.99,emperor penguin,Unknown,Unknown,2011,2011,7144,1,adults,ground,"<strong>Kooyman, G.L. and P.J. Ponganis, </strong><i> 2016</i>. Rise and fall of Ross Sea emperor penguin colony populations: 2000 to 2012. Antarctic Science 29:201-208.",See original source for more details on methodology and survey precision.
Cape Roget,ROGE,88.1,170.59,-71.99,emperor penguin,Unknown,Unknown,2012,2012,5113,1,chicks,ground,"<strong>Kooyman, G.L. and P.J. Ponganis, </strong><i> 2016</i>. Rise and fall of Ross Sea emperor penguin colony populations: 2000 to 2012. Antarctic Science 29:201-208.",See original source for more details on methodology and survey precision.
Cape Roget,ROGE,88.1,170.59,-71.99,emperor penguin,Unknown,Unknown,2012,2012,6270,1,adults,ground,"<strong>Kooyman, G.L. and P.J. Ponganis, </strong><i> 2016</i>. Rise and fall of Ross Sea emperor penguin colony populations: 2000 to 2012. Antarctic Science 29:201-208.",See original source for more details on methodology and survey precision.
Rupert Coast,RUPE,88.2,-143.3,-75.38,emperor penguin,20,10,2008,2008,1550,2,adults,vhr,"<strong>Fretwell, P. T., M. A. LaRue, P. Morin, G. L. Kooyman, B. Wienecke, N. Ratcliffe, A. J. Fox, A. H. Fleming, C. Porter, and P. N. Trathan, </strong><i> 2012</i>. An emperor penguin population estimate: The first global, synoptic survey of a species from space. PLoS ONE 7:e33751.",See original source for more details on methodology and survey precision.
Sanae,SANA,48.6,-1.42,-70.0,emperor penguin,Unknown,Unknown,1979,1979,113,3,chicks,None,"<strong>Woehler, E. J., </strong><i> 1993</i>. The distribution and abundance of Antarctic and Subantarctic penguins. Scientific Committee on Antarctic Research (SCAR), Cambridge, United Kingdom.",None
Sanae,SANA,48.6,-1.42,-70.0,emperor penguin,28,10,2009,2009,3193,2,adults,vhr,"<strong>Fretwell, P. T., M. A. LaRue, P. Morin, G. L. Kooyman, B. Wienecke, N. Ratcliffe, A. J. Fox, A. H. Fleming, C. Porter, and P. N. Trathan, </strong><i> 2012</i>. An emperor penguin population estimate: The first global, synoptic survey of a species from space. PLoS ONE 7:e33751.",See original source for more details on methodology and survey precision.
Shackleton Ice Shelf,SHAC,58.4.1,96.02,-64.86,emperor penguin,Unknown,Unknown,1960,1960,5000,5,adults,None,"<strong>Wilson, G., </strong><i> 1983</i>. Distribution and abundance of Antarctic and sub- Antarctic penguins: A synthesis of current knowledge, volume 4 of BIOMASS Scientific Series. Scientific Committee on Antarctic Research (SCAR), Cambridge, United Kingdom.",None
Shackleton Ice Shelf,SHAC,58.4.1,96.02,-64.86,emperor penguin,10,10,2009,2009,6471,2,adults,vhr,"<strong>Fretwell, P. T., M. A. LaRue, P. Morin, G. L. Kooyman, B. Wienecke, N. Ratcliffe, A. J. Fox, A. H. Fleming, C. Porter, and P. N. Trathan, </strong><i> 2012</i>. An emperor penguin population estimate: The first global, synoptic survey of a species from space. PLoS ONE 7:e33751.",See original source for more details on methodology and survey precision.
Smith,SMTH,48.5,-60.83,-74.37,emperor penguin,30,10,2009,2009,4018,2,adults,vhr,"<strong>Fretwell, P. T., M. A. LaRue, P. Morin, G. L. Kooyman, B. Wienecke, N. Ratcliffe, A. J. Fox, A. H. Fleming, C. Porter, and P. N. Trathan, </strong><i> 2012</i>. An emperor penguin population estimate: The first global, synoptic survey of a species from space. PLoS ONE 7:e33751.",See original source for more details on methodology and survey precision.
Smyley,SMYL,88.3,-78.83,-72.3,emperor penguin,12,11,2009,2009,6061,2,adults,vhr,"<strong>Fretwell, P. T., M. A. LaRue, P. Morin, G. L. Kooyman, B. Wienecke, N. Ratcliffe, A. J. Fox, A. H. Fleming, C. Porter, and P. N. Trathan, </strong><i> 2012</i>. An emperor penguin population estimate: The first global, synoptic survey of a species from space. PLoS ONE 7:e33751.",See original source for more details on methodology and survey precision.
Snow Hill Island,SNOW,48.1,-57.44,-64.52,emperor penguin,26,10,2009,2009,2164,2,adults,vhr,"<strong>Fretwell, P. T., M. A. LaRue, P. Morin, G. L. Kooyman, B. Wienecke, N. Ratcliffe, A. J. Fox, A. H. Fleming, C. Porter, and P. N. Trathan, </strong><i> 2012</i>. An emperor penguin population estimate: The first global, synoptic survey of a species from space. PLoS ONE 7:e33751.",See original source for more details on methodology and survey precision.
Stancomb,STCB,48.5,-23.09,-74.12,emperor penguin,Unknown,Unknown,1986,1986,3000,5,adults,None,"<strong>Woehler, E. J., </strong><i> 1993</i>. The distribution and abundance of Antarctic and Subantarctic penguins. Scientific Committee on Antarctic Research (SCAR), Cambridge, United Kingdom.",None
Stancomb,STCB,48.5,-23.09,-74.12,emperor penguin,21,10,2009,2009,5455,2,adults,vhr,"<strong>Fretwell, P. T., M. A. LaRue, P. Morin, G. L. Kooyman, B. Wienecke, N. Ratcliffe, A. J. Fox, A. H. Fleming, C. Porter, and P. N. Trathan, </strong><i> 2012</i>. An emperor penguin population estimate: The first global, synoptic survey of a species from space. PLoS ONE 7:e33751.",See original source for more details on methodology and survey precision.
Taylor Glacier,TAYG,58.4.2,60.88,-67.45,emperor penguin,Unknown,Unknown,1980,1980,1725,3,adults,None,"<strong>Wilson, G., </strong><i> 1983</i>. Distribution and abundance of Antarctic and sub- Antarctic penguins: A synthesis of current knowledge, volume 4 of BIOMASS Scientific Series. Scientific Committee on Antarctic Research (SCAR), Cambridge, United Kingdom.",None
Taylor Glacier,TAYG,58.4.2,60.88,-67.45,emperor penguin,Unknown,Unknown,1988,1988,2900,3,adults,None,"<strong>Woehler, E. J., </strong><i> 1993</i>. The distribution and abundance of Antarctic and Subantarctic penguins. Scientific Committee on Antarctic Research (SCAR), Cambridge, United Kingdom.",None
Taylor Glacier,TAYG,58.4.2,60.88,-67.45,emperor penguin,21,10,2009,2009,519,2,adults,vhr,"<strong>Fretwell, P. T., M. A. LaRue, P. Morin, G. L. Kooyman, B. Wienecke, N. Ratcliffe, A. J. Fox, A. H. Fleming, C. Porter, and P. N. Trathan, </strong><i> 2012</i>. An emperor penguin population estimate: The first global, synoptic survey of a species from space. PLoS ONE 7:e33751.",See original source for more details on methodology and survey precision.
"Thurston Glacier, Mount Siple",THUR,88.2,-125.621,-73.5,emperor penguin,17,10,2009,2009,2989,2,adults,vhr,"<strong>Fretwell, P. T., M. A. LaRue, P. Morin, G. L. Kooyman, B. Wienecke, N. Ratcliffe, A. J. Fox, A. H. Fleming, C. Porter, and P. N. Trathan, </strong><i> 2012</i>. An emperor penguin population estimate: The first global, synoptic survey of a species from space. PLoS ONE 7:e33751.",See original source for more details on methodology and survey precision.
Umbeashi,UMBE,58.4.2,43.01,-68.05,emperor penguin,Unknown,Unknown,1990,1990,235,None,chicks,None,"<strong>Woehler, E. J., </strong><i> 1993</i>. The distribution and abundance of Antarctic and Subantarctic penguins. Scientific Committee on Antarctic Research (SCAR), Cambridge, United Kingdom.",None
Umbeashi,UMBE,58.4.2,43.01,-68.05,emperor penguin,14,10,2009,2009,146,2,adults,vhr,"<strong>Fretwell, P. T., M. A. LaRue, P. Morin, G. L. Kooyman, B. Wienecke, N. Ratcliffe, A. J. Fox, A. H. Fleming, C. Porter, and P. N. Trathan, </strong><i> 2012</i>. An emperor penguin population estimate: The first global, synoptic survey of a species from space. PLoS ONE 7:e33751.",See original source for more details on methodology and survey precision.
Cape Washington,WASH,88.1,165.37,-74.64,emperor penguin,Unknown,Unknown,1968,1968,3150,4,chicks,None,"<strong>Wilson, G., </strong><i> 1983</i>. Distribution and abundance of Antarctic and sub- Antarctic penguins: A synthesis of current knowledge, volume 4 of BIOMASS Scientific Series. Scientific Committee on Antarctic Research (SCAR), Cambridge, United Kingdom.",None
Cape Washington,WASH,88.1,165.37,-74.64,emperor penguin,Unknown,Unknown,1983,1983,16384,2,chicks,None,"<strong>Woehler, E. J., </strong><i> 1993</i>. The distribution and abundance of Antarctic and Subantarctic penguins. Scientific Committee on Antarctic Research (SCAR), Cambridge, United Kingdom.",None
Cape Washington,WASH,88.1,165.37,-74.64,emperor penguin,Unknown,Unknown,1986,1986,19364,2,chicks,None,"<strong>Woehler, E. J., </strong><i> 1993</i>. The distribution and abundance of Antarctic and Subantarctic penguins. Scientific Committee on Antarctic Research (SCAR), Cambridge, United Kingdom.",None
Cape Washington,WASH,88.1,165.37,-74.64,emperor penguin,Unknown,Unknown,2000,2000,17397,1,chicks,aerial,"<strong>Kooyman, G.L. and P.J. Ponganis, </strong><i> 2016</i>. Rise and fall of Ross Sea emperor penguin colony populations: 2000 to 2012. Antarctic Science 29:201-208.",See original source for more details on methodology and survey precision.
Cape Washington,WASH,88.1,165.37,-74.64,emperor penguin,Unknown,Unknown,2001,2001,18734,1,chicks,aerial,"<strong>Kooyman, G.L. and P.J. Ponganis, </strong><i> 2016</i>. Rise and fall of Ross Sea emperor penguin colony populations: 2000 to 2012. Antarctic Science 29:201-208.",See original source for more details on methodology and survey precision.
Cape Washington,WASH,88.1,165.37,-74.64,emperor penguin,Unknown,Unknown,2002,2002,11093,1,chicks,aerial,"<strong>Kooyman, G.L. and P.J. Ponganis, </strong><i> 2016</i>. Rise and fall of Ross Sea emperor penguin colony populations: 2000 to 2012. Antarctic Science 29:201-208.",See original source for more details on methodology and survey precision.
Cape Washington,WASH,88.1,165.37,-74.64,emperor penguin,Unknown,Unknown,2003,2003,13163,1,chicks,aerial,"<strong>Kooyman, G.L. and P.J. Ponganis, </strong><i> 2016</i>. Rise and fall of Ross Sea emperor penguin colony populations: 2000 to 2012. Antarctic Science 29:201-208.",See original source for more details on methodology and survey precision.
Cape Washington,WASH,88.1,165.37,-74.64,emperor penguin,Unknown,Unknown,2004,2004,16700,1,chicks,aerial,"<strong>Kooyman, G.L. and P.J. Ponganis, </strong><i> 2016</i>. Rise and fall of Ross Sea emperor penguin colony populations: 2000 to 2012. Antarctic Science 29:201-208.",See original source for more details on methodology and survey precision.
Cape Washington,WASH,88.1,165.37,-74.64,emperor penguin,Unknown,Unknown,2004,2004,11160,1,adults,aerial,"<strong>Kooyman, G.L. and P.J. Ponganis, </strong><i> 2016</i>. Rise and fall of Ross Sea emperor penguin colony populations: 2000 to 2012. Antarctic Science 29:201-208.",See original source for more details on methodology and survey precision.
Cape Washington,WASH,88.1,165.37,-74.64,emperor penguin,Unknown,Unknown,2005,2005,23021,1,chicks,ground photo,"<strong>Kooyman, G.L. and P.J. Ponganis, </strong><i> 2016</i>. Rise and fall of Ross Sea emperor penguin colony populations: 2000 to 2012. Antarctic Science 29:201-208.",See original source for more details on methodology and survey precision.
Cape Washington,WASH,88.1,165.37,-74.64,emperor penguin,Unknown,Unknown,2005,2005,17015,2,adults,aerial,"<strong>Kooyman, G.L. and P.J. Ponganis, </strong><i> 2016</i>. Rise and fall of Ross Sea emperor penguin colony populations: 2000 to 2012. Antarctic Science 29:201-208.",See original source for more details on methodology and survey precision.
Cape Washington,WASH,88.1,165.37,-74.64,emperor penguin,Unknown,Unknown,2006,2006,17358,1,chicks,aerial,"<strong>Kooyman, G.L. and P.J. Ponganis, </strong><i> 2016</i>. Rise and fall of Ross Sea emperor penguin colony populations: 2000 to 2012. Antarctic Science 29:201-208.",See original source for more details on methodology and survey precision.
Cape Washington,WASH,88.1,165.37,-74.64,emperor penguin,Unknown,Unknown,2006,2006,16822,1,adults,aerial,"<strong>Kooyman, G.L. and P.J. Ponganis, </strong><i> 2016</i>. Rise and fall of Ross Sea emperor penguin colony populations: 2000 to 2012. Antarctic Science 29:201-208.",See original source for more details on methodology and survey precision.
Cape Washington,WASH,88.1,165.37,-74.64,emperor penguin,Unknown,Unknown,2007,2007,16120,2,chicks,aerial,"<strong>Kooyman, G.L. and P.J. Ponganis, </strong><i> 2016</i>. Rise and fall of Ross Sea emperor penguin colony populations: 2000 to 2012. Antarctic Science 29:201-208.",See original source for more details on methodology and survey precision.
Cape Washington,WASH,88.1,165.37,-74.64,emperor penguin,Unknown,Unknown,2007,2007,15651,1,adults,aerial,"<strong>Kooyman, G.L. and P.J. Ponganis, </strong><i> 2016</i>. Rise and fall of Ross Sea emperor penguin colony populations: 2000 to 2012. Antarctic Science 29:201-208.",See original source for more details on methodology and survey precision.
Cape Washington,WASH,88.1,165.37,-74.64,emperor penguin,Unknown,Unknown,2008,2008,23275,2,chicks,aerial,"<strong>Kooyman, G.L. and P.J. Ponganis, </strong><i> 2016</i>. Rise and fall of Ross Sea emperor penguin colony populations: 2000 to 2012. Antarctic Science 29:201-208.",See original source for more details on methodology and survey precision.
Cape Washington,WASH,88.1,165.37,-74.64,emperor penguin,Unknown,Unknown,2008,2008,10220,1,adults,aerial,"<strong>Kooyman, G.L. and P.J. Ponganis, </strong><i> 2016</i>. Rise and fall of Ross Sea emperor penguin colony populations: 2000 to 2012. Antarctic Science 29:201-208.",See original source for more details on methodology and survey precision.
Cape Washington,WASH,88.1,165.37,-74.64,emperor penguin,16,10,2009,2009,11808,2,adults,vhr,"<strong>Fretwell, P. T., M. A. LaRue, P. Morin, G. L. Kooyman, B. Wienecke, N. Ratcliffe, A. J. Fox, A. H. Fleming, C. Porter, and P. N. Trathan, </strong><i> 2012</i>. An emperor penguin population estimate: The first global, synoptic survey of a species from space. PLoS ONE 7:e33751.",See original source for more details on methodology and survey precision.
Cape Washington,WASH,88.1,165.37,-74.64,emperor penguin,Unknown,Unknown,2010,2010,17344,1,chicks,ground photo,"<strong>Kooyman, G.L. and P.J. Ponganis, </strong><i> 2016</i>. Rise and fall of Ross Sea emperor penguin colony populations: 2000 to 2012. Antarctic Science 29:201-208.",See original source for more details on methodology and survey precision.
Cape Washington,WASH,88.1,165.37,-74.64,emperor penguin,Unknown,Unknown,2010,2010,6003,1,adults,aerial,"<strong>Kooyman, G.L. and P.J. Ponganis, </strong><i> 2016</i>. Rise and fall of Ross Sea emperor penguin colony populations: 2000 to 2012. Antarctic Science 29:201-208.",See original source for more details on methodology and survey precision.
Cape Washington,WASH,88.1,165.37,-74.64,emperor penguin,Unknown,Unknown,2011,2011,20422,1,chicks,ground photo,"<strong>Kooyman, G.L. and P.J. Ponganis, </strong><i> 2016</i>. Rise and fall of Ross Sea emperor penguin colony populations: 2000 to 2012. Antarctic Science 29:201-208.",See original source for more details on methodology and survey precision.
Cape Washington,WASH,88.1,165.37,-74.64,emperor penguin,Unknown,Unknown,2011,2011,10322,1,adults,aerial,"<strong>Kooyman, G.L. and P.J. Ponganis, </strong><i> 2016</i>. Rise and fall of Ross Sea emperor penguin colony populations: 2000 to 2012. Antarctic Science 29:201-208.",See original source for more details on methodology and survey precision.
Cape Washington,WASH,88.1,165.37,-74.64,emperor penguin,Unknown,Unknown,2012,2012,12782,1,chicks,aerial,"<strong>Kooyman, G.L. and P.J. Ponganis, </strong><i> 2016</i>. Rise and fall of Ross Sea emperor penguin colony populations: 2000 to 2012. Antarctic Science 29:201-208.",See original source for more details on methodology and survey precision.
Cape Washington,WASH,88.1,165.37,-74.64,emperor penguin,Unknown,Unknown,2012,2012,17096,1,adults,aerial,"<strong>Kooyman, G.L. and P.J. Ponganis, </strong><i> 2016</i>. Rise and fall of Ross Sea emperor penguin colony populations: 2000 to 2012. Antarctic Science 29:201-208.",See original source for more details on methodology and survey precision.
